conjuntoMuestras,codigoExterno,latitud,longitud,localidad,provincia,pais,region,fechaRecoleccion,fecha,profesional,institucion,ubicacion,especie,publico,proyecto,peso,largo,sexo,temperaturaAmbiente,conductividadAmbiente,altura,tejido,modoRecoleccion,detalle
CONJUNTO1,EXT1,-30.5277364379831,-62.5196588969693,Localidad 1,Provincia 1,Pais 1,Region 1,20110101,20170219,Profesional 1,Institution 1,Estante 1,Especie 1,false,PROYECTO 1,10.4753,0.7048,F,19.2369,1.9699,2.9739,Tejido 1,Metodo 1,Comentarios...
CONJUNTO1,EXT2,-30.7074601325742,-62.5334568025105,Localidad 1,Provincia 1,Pais 1,Region 1,20110101,20170219,Profesional 1,Institucion 1,Estante 1,Especie 1,false,PROYECTO 1,9.7959,0.8066,F,20.8398,1.975,3.0365,Tejido 1,Metodo 1,Comentarios...
CONJUNTO1,EXT3,-30.4677354399128,-62.3296042297658,Localidad 1,Provincia 1,Pais 1,Region 1,20110101,20170219,Profesional 1,Institucion 1,Estante 1,Especie 1,false,PROYECTO 1,9.7765,1.1867,F,20.7653,1.9858,2.9985,Tejido 1,Metodo 1,Comentarios...
CONJUNTO1,EXT4,-30.5073153698585,-62.4483998047768,Localidad 1,Provincia 1,Pais 1,Region 1,20110101,20170219,Profesional 1,Institucion 1,Estante 1,Especie 1,false,PROYECTO 1,11.3254,1.0604,F,21.773,1.9903,2.9633,Tejido 1,Metodo 1,Comentarios...
CONJUNTO1,EXT5,-30.660320005362,-62.4783064540978,Localidad 1,Provincia 1,Pais 1,Region 1,20110101,20170219,Profesional 1,Institucion 1,Estante 1,Especie 1,false,PROYECTO 1,11.2675,0.3495,F,18.6264,1.9569,2.9688,Tejido 1,Metodo 1,Comentarios...
CONJUNTO1,EXT6,-30.7325038995996,-62.5104962496561,Localidad 1,Provincia 1,Pais 1,Region 1,20110101,20170219,Profesional 1,Institucion 1,Estante 1,Especie 1,false,PROYECTO 1,9.1045,1.1181,F,20.1683,1.9671,3.0099,Tejido 1,Metodo 1,Comentarios...
CONJUNTO1,EXT7,-30.5586168353868,-62.4795341773216,Localidad 1,Provincia 1,Pais 1,Region 1,20110101,20170219,Profesional 1,Institucion 1,Estante 1,Especie 1,false,PROYECTO 1,10.3791,1.0858,F,18.2149,2.0173,2.9245,Tejido 1,Metodo 1,Comentarios...
CONJUNTO1,EXT8,-30.6125583276388,-62.6465312208231,Localidad 1,Provincia 1,Pais 1,Region 1,20110101,20170219,Profesional 1,Institucion 1,Estante 1,Especie 1,false,PROYECTO 1,10.3061,0.7923,F,19.7827,2.014,2.9911,Tejido 1,Metodo 1,Comentarios...
CONJUNTO1,EXT9,-30.6259831469074,-62.4325291056656,Localidad 1,Provincia 1,Pais 1,Region 1,20110101,20170219,Profesional 1,Institucion 1,Estante 1,Especie 1,false,PROYECTO 1,8.8553,1.1586,F,19.228,2.0046,2.9952,Tejido 1,Metodo 1,Comentarios...
CONJUNTO1,EXT10,-30.757820934748,-62.5460325759023,Localidad 1,Provincia 1,Pais 1,Region 1,20110101,20170219,Profesional 1,Institucion 1,Estante 1,Especie 1,false,PROYECTO 1,11.001,1.1419,F,20.7798,1.9919,3.0387,Tejido 1,Metodo 1,Comentarios...
CONJUNTO1,EXT11,-30.6849641513277,-62.6171913409128,Localidad 1,Provincia 1,Pais 1,Region 1,20110101,20170219,Profesional 1,Institucion 1,Estante 1,Especie 1,false,PROYECTO 1,9.0352,0.9432,F,19.3717,2.0285,2.9605,Tejido 1,Metodo 1,Comentarios...
CONJUNTO1,EXT12,-30.6630956584796,-62.5765072689591,Localidad 1,Provincia 1,Pais 1,Region 1,20110101,20170219,Profesional 1,Institucion 1,Estante 1,Especie 1,false,PROYECTO 1,10.2596,1.1315,F,20.747,2.0286,3.0082,Tejido 1,Metodo 1,Comentarios...
CONJUNTO1,EXT13,-30.7169441801655,-62.3523441065373,Localidad 1,Provincia 1,Pais 1,Region 1,20110101,20170219,Profesional 1,Institucion 1,Estante 1,Especie 1,false,PROYECTO 1,9.9001,1.4087,F,18.8799,1.9414,3.0011,Tejido 1,Metodo 1,Comentarios...
CONJUNTO1,EXT14,-30.6496907521183,-62.4898441525343,Localidad 1,Provincia 1,Pais 1,Region 1,20110101,20170219,Profesional 1,Institucion 1,Estante 1,Especie 1,false,PROYECTO 1,9.214,0.6201,F,20.4012,1.9762,2.9546,Tejido 1,Metodo 1,Comentarios...
CONJUNTO1,EXT15,-30.5258971890675,-62.4854346339527,Localidad 1,Provincia 1,Pais 1,Region 1,20110101,20170219,Profesional 1,Institucion 1,Estante 1,Especie 1,false,PROYECTO 1,8.8877,0.7998,F,20.501,2.024,3.0285,Tejido 1,Metodo 1,Comentarios...
CONJUNTO1,EXT16,-30.5010949319275,-62.5321914985212,Localidad 1,Provincia 1,Pais 1,Region 1,20110101,20170219,Profesional 1,Institucion 1,Estante 2,Especie 1,false,PROYECTO 1,9.6084,1.0732,F,21.6958,2.0365,3.0326,Tejido 1,Metodo 1,Comentarios...
CONJUNTO1,EXT17,-30.657754939667,-62.6491731487402,Localidad 1,Provincia 1,Pais 1,Region 1,20110101,20170219,Profesional 1,Institucion 1,Estante 2,Especie 1,false,PROYECTO 1,10.6396,1.1533,F,21.947,1.9696,2.9754,Tejido 1,Metodo 1,Comentarios...
CONJUNTO1,EXT18,-30.3777630599778,-62.7415649621896,Localidad 1,Provincia 1,Pais 1,Region 1,20110101,20170219,Profesional 1,Institucion 1,Estante 2,Especie 1,false,PROYECTO 1,8.9304,1.434,F,20.3672,2.0406,2.993,Tejido 1,Metodo 1,Comentarios...
CONJUNTO1,EXT19,-30.5947216475161,-62.3484205017119,Localidad 1,Provincia 1,Pais 1,Region 1,20110101,20170219,Profesional 1,Institucion 1,Estante 2,Especie 1,false,PROYECTO 1,9.2141,1.3503,F,18.5787,1.9866,3.0042,Tejido 1,Metodo 1,Comentarios...
CONJUNTO1,EXT20,-30.4604935709959,-62.640937004984,Localidad 1,Provincia 1,Pais 1,Region 1,20110101,20170219,Profesional 1,Institucion 1,Estante 2,Especie 1,false,PROYECTO 1,8.9893,0.9791,F,19.6559,2.0075,3.0144,Tejido 1,Metodo 1,Comentarios...
CONJUNTO1,EXT21,-30.7115238016289,-62.6085971936609,Localidad 1,Provincia 1,Pais 1,Region 1,20110101,20170219,Profesional 1,Institucion 1,Estante 2,Especie 1,false,PROYECTO 1,9.6891,1.4335,F,18.8723,2.027,3.0094,Tejido 1,Metodo 1,Comentarios...
CONJUNTO1,EXT22,-30.4693712976478,-62.4038611533394,Localidad 1,Provincia 1,Pais 1,Region 1,20110101,20170219,Profesional 1,Institucion 1,Estante 2,Especie 1,false,PROYECTO 1,10.0686,0.4963,F,21.566,2.0266,2.9756,Tejido 1,Metodo 1,Comentarios...
CONJUNTO1,EXT23,-30.6809899979536,-62.6521633920691,Localidad 1,Provincia 1,Pais 1,Region 1,20110101,20170219,Profesional 1,Institucion 1,Estante 2,Especie 1,false,PROYECTO 1,8.4531,1.0545,F,18.4463,2.0243,3.0046,Tejido 1,Metodo 1,Comentarios...
CONJUNTO1,EXT24,-30.6347405876701,-62.7134338290584,Localidad 1,Provincia 1,Pais 1,Region 1,20110101,20170219,Profesional 1,Institucion 1,Estante 2,Especie 1,false,PROYECTO 1,10.3423,1.5451,F,21.6757,2.0204,3.0036,Tejido 1,Metodo 1,Comentarios...
CONJUNTO1,EXT25,-30.593876249803,-62.5556352990103,Localidad 1,Provincia 1,Pais 1,Region 1,20110101,20170219,Profesional 1,Institucion 1,Estante 2,Especie 1,false,PROYECTO 1,11.8106,1.0169,F,19.9778,1.9461,2.9733,Tejido 1,Metodo 1,Comentarios...
CONJUNTO1,EXT26,-30.6895740094755,-62.5001881703983,Localidad 1,Provincia 1,Pais 1,Region 1,20110101,20170219,Profesional 1,Institucion 1,Estante 2,Especie 1,false,PROYECTO 1,9.5471,1.0477,F,20.5641,2.0184,2.9939,Tejido 1,Metodo 1,Comentarios...
CONJUNTO1,EXT27,-30.5962199095745,-62.5549887709088,Localidad 1,Provincia 1,Pais 1,Region 1,20110101,20170219,Profesional 1,Institucion 1,Estante 2,Especie 1,false,PROYECTO 1,8.6325,0.9825,F,18.9014,1.9878,2.9934,Tejido 1,Metodo 1,Comentarios...
CONJUNTO1,EXT28,-30.7111689576371,-62.6433616384874,Localidad 1,Provincia 1,Pais 1,Region 1,20110101,20170219,Profesional 1,Institucion 1,Estante 2,Especie 1,false,PROYECTO 1,9.9074,1.035,F,19.4879,2.0133,2.9475,Tejido 1,Metodo 1,Comentarios...
CONJUNTO1,EXT29,-30.4965938377406,-62.6162886868107,Localidad 1,Provincia 1,Pais 1,Region 1,20110101,20170219,Profesional 1,Institucion 1,Estante 2,Especie 1,false,PROYECTO 1,9.4563,0.7993,F,20.053,1.9823,2.9718,Tejido 1,Metodo 1,Comentarios...
CONJUNTO1,EXT30,-30.7630362401541,-62.4494786564382,Localidad 1,Provincia 1,Pais 1,Region 1,20110101,20170219,Profesional 1,Institucion 1,Estante 2,Especie 1,false,PROYECTO 1,10.0453,0.9807,F,18.4922,2.0069,3.0212,Tejido 1,Metodo 1,Comentarios...
CONJUNTO1,EXT31,-30.6206606444384,-62.545819342063,Localidad 1,Provincia 1,Pais 1,Region 1,20110101,20170219,Profesional 1,Institucion 1,Estante 2,Especie 1,false,PROYECTO 1,10.7981,0.782,F,21.354,1.9404,3.0259,Tejido 1,Metodo 1,Comentarios...
CONJUNTO1,EXT32,-30.5612396427229,-62.5427676357099,Localidad 1,Provincia 1,Pais 1,Region 1,20110101,20170219,Profesional 1,Institucion 1,Estante 2,Especie 1,false,PROYECTO 1,8.6009,0.88,F,20.3481,2.0055,3.0033,Tejido 1,Metodo 1,Comentarios...
CONJUNTO1,EXT33,-30.6077228816132,-62.5633005899911,Localidad 1,Provincia 1,Pais 1,Region 1,20110101,20170219,Profesional 1,Institucion 1,Estante 2,Especie 1,false,PROYECTO 1,10.0389,0.7165,M,15.9778,1.9968,3.0104,Tejido 1,Metodo 1,Comentarios...
CONJUNTO1,EXT34,-30.5491084819627,-62.5023991910924,Localidad 1,Provincia 1,Pais 1,Region 1,20120801,20170219,Profesional 1,Institucion 1,Estante 2,Especie 1,false,PROYECTO 1,9.635,1.3379,M,20.1165,2.0301,2.9727,Tejido 1,Metodo 1,Comentarios...
CONJUNTO1,EXT35,-30.5445992814883,-62.5217082112906,Localidad 1,Provincia 1,Pais 1,Region 1,20120801,20170219,Profesional 1,Institucion 1,Estante 2,Especie 1,false,PROYECTO 1,11.5614,1.0021,M,19.1464,1.9791,3.0064,Tejido 1,Metodo 1,Comentarios...
CONJUNTO1,EXT36,-30.3944722436434,-62.5979659810728,Localidad 1,Provincia 1,Pais 1,Region 1,20120801,20170219,Profesional 1,Institucion 1,Estante 2,Especie 1,false,PROYECTO 1,10.3882,0.8011,M,19.6797,1.9964,3.0041,Tejido 1,Metodo 1,Comentarios...
CONJUNTO1,EXT37,-30.5351722329002,-62.7698785914658,Localidad 1,Provincia 1,Pais 1,Region 1,20120801,20170219,Profesional 1,Institucion 1,Estante 2,Especie 1,false,PROYECTO 1,8.7068,0.9114,M,20.1136,2.0335,2.9897,Tejido 1,Metodo 1,Comentarios...
CONJUNTO1,EXT38,-30.5155005786813,-62.3472142137572,Localidad 1,Provincia 1,Pais 1,Region 1,20120801,20170219,Profesional 1,Institucion 1,Estante 2,Especie 1,false,PROYECTO 1,9.3764,0.69,M,19.6231,1.9987,2.9783,Tejido 1,Metodo 1,Comentarios...
CONJUNTO1,EXT39,-30.4266285978489,-62.4955390034598,Localidad 1,Provincia 1,Pais 1,Region 1,20120801,20170219,Profesional 1,Institucion 1,Estante 2,Especie 1,false,PROYECTO 1,8.2889,0.7638,M,19.4637,2.0149,3.0077,Tejido 1,Metodo 1,Comentarios...
CONJUNTO1,EXT40,-30.5230883849343,-62.6731503173082,Localidad 1,Provincia 1,Pais 1,Region 1,20120801,20170219,Profesional 1,Institucion 1,Estante 2,Especie 1,false,PROYECTO 1,10.3887,0.6253,M,20.8287,1.9984,3.0015,Tejido 1,Metodo 1,Comentarios...
CONJUNTO1,EXT41,-30.5106565131111,-62.6070676141169,Localidad 1,Provincia 1,Pais 1,Region 1,20120801,20170219,Profesional 1,Institucion 1,Estante 2,Especie 1,false,PROYECTO 1,11.1342,0.8408,M,19.9708,2.0384,2.9813,Tejido 1,Metodo 1,Comentarios...
CONJUNTO1,EXT42,-30.6654291993386,-62.6235132575508,Localidad 1,Provincia 1,Pais 1,Region 1,20120801,20170219,Profesional 1,Institucion 1,Estante 2,Especie 1,false,PROYECTO 1,10.0672,0.7397,M,19.8423,2.0208,3.0158,Tejido 1,Metodo 1,Comentarios...
CONJUNTO1,EXT43,-30.7083133289522,-62.5438446236428,Localidad 1,Provincia 1,Pais 1,Region 1,20120801,20170219,Profesional 1,Institucion 1,Estante 2,Especie 1,false,PROYECTO 1,9.2415,1.3832,M,19.8691,1.9735,3.0124,Tejido 1,Metodo 1,Comentarios...
CONJUNTO1,EXT44,-30.6064372656817,-62.6763813280081,Localidad 1,Provincia 1,Pais 1,Region 1,20120801,20170219,Profesional 1,Institucion 1,Estante 2,Especie 1,false,PROYECTO 1,11.3248,0.8303,M,21.2863,2.0382,3.0379,Tejido 1,Metodo 1,Comentarios...
CONJUNTO1,EXT45,-30.5852336151655,-62.606945303264,Localidad 1,Provincia 1,Pais 1,Region 1,20120801,20170219,Profesional 1,Institucion 1,Estante 2,Especie 1,false,PROYECTO 1,9.9197,1.0022,M,19.5778,1.9961,2.9193,Tejido 1,Metodo 1,Comentarios...
CONJUNTO1,EXT46,-30.5559105013982,-62.5098187300983,Localidad 1,Provincia 1,Pais 1,Region 1,20120801,20170219,Profesional 1,Institucion 1,Estante 2,Especie 1,false,PROYECTO 1,10.217,0.9149,M,19.4477,2.0662,2.9893,Tejido 1,Metodo 1,Comentarios...
CONJUNTO1,EXT47,-30.7407097183132,-62.6148488522642,Localidad 1,Provincia 1,Pais 1,Region 1,20120801,20170219,Profesional 1,Institucion 1,Estante 2,Especie 1,false,PROYECTO 1,11.7765,0.987,M,20.5604,1.9516,2.9912,Tejido 1,Metodo 1,Comentarios...
CONJUNTO1,EXT48,-30.4852923170576,-62.5551243851617,Localidad 1,Provincia 1,Pais 1,Region 1,20120801,20170219,Profesional 1,Institucion 1,Estante 2,Especie 1,false,PROYECTO 1,12.123,0.7749,M,19.6573,2.0539,2.9848,Tejido 1,Metodo 1,Comentarios...
CONJUNTO1,EXT49,-30.6912797747954,-62.7092194970925,Localidad 1,Provincia 1,Pais 1,Region 1,20120801,20170219,Profesional 1,Institucion 1,Estante 2,Especie 1,false,PROYECTO 1,10.9109,1.0092,M,20.4324,1.9917,3.0178,Tejido 1,Metodo 1,Comentarios...
CONJUNTO1,EXT50,-30.6945398891721,-62.3269626631363,Localidad 1,Provincia 1,Pais 1,Region 1,20120801,20170219,Profesional 1,Institucion 1,Estante 2,Especie 1,false,PROYECTO 1,8.8052,1.2499,M,19.6498,2.0504,3.0036,Tejido 1,Metodo 1,Comentarios...
CONJUNTO1,EXT51,-30.5442420883896,-62.6136161112107,Localidad 1,Provincia 1,Pais 1,Region 1,20120801,20170219,Profesional 1,Institucion 1,Estante 2,Especie 1,false,PROYECTO 1,8.8614,0.7542,M,20.6903,2.0493,3.009,Tejido 1,Metodo 1,Comentarios...
CONJUNTO1,EXT52,-30.691310136269,-62.5894567680683,Localidad 1,Provincia 1,Pais 1,Region 1,20120801,20170219,Profesional 1,Institucion 1,Estante 2,Especie 1,false,PROYECTO 1,10.4348,0.829,M,19.8336,1.9908,2.9805,Tejido 1,Metodo 1,Comentarios...
CONJUNTO1,EXT53,-30.5730420793676,-62.5281868931118,Localidad 1,Provincia 1,Pais 1,Region 1,20120801,20170219,Profesional 1,Institucion 1,Estante 2,Especie 1,false,PROYECTO 1,10.0823,0.9041,M,20.1826,1.9913,2.9876,Tejido 1,Metodo 2,Comentarios...
CONJUNTO1,EXT54,-30.5211838736531,-62.8093255324451,Localidad 1,Provincia 1,Pais 1,Region 1,20120801,20170219,Profesional 1,Institucion 1,Estante 2,Especie 1,false,PROYECTO 1,10.449,1.3121,M,21.7894,1.9849,2.951,Tejido 1,Metodo 2,Comentarios...
CONJUNTO1,EXT55,-30.5924253528766,-62.4764190660853,Localidad 1,Provincia 1,Pais 1,Region 1,20120801,20170219,Profesional 1,Institucion 1,Estante 2,Especie 1,false,PROYECTO 1,10.7925,0.5,M,20.9145,2.0725,3.0206,Tejido 1,Metodo 2,Comentarios...
CONJUNTO1,EXT56,-30.4887710638784,-62.487604305121,Localidad 1,Provincia 1,Pais 1,Region 1,20120801,20170219,Profesional 1,Institucion 1,Estante 2,Especie 1,false,PROYECTO 1,9.0519,1.3257,M,20.2034,2.0466,2.9984,Tejido 1,Metodo 2,Comentarios...
CONJUNTO1,EXT57,-30.6934917358705,-62.7105948282238,Localidad 1,Provincia 1,Pais 1,Region 1,20120801,20170219,Profesional 1,Institucion 1,Estante 2,Especie 1,false,PROYECTO 1,11.1148,1.2686,M,19.817,2.0054,3.0083,Tejido 1,Metodo 2,Comentarios...
CONJUNTO1,EXT58,-30.568827126175,-62.6852854711048,Localidad 1,Provincia 1,Pais 1,Region 1,20120801,20170219,Profesional 1,Institucion 1,Estante 2,Especie 1,false,PROYECTO 1,9.6469,0.7307,M,21.6989,2.028,2.9984,Tejido 1,Metodo 2,Comentarios...
CONJUNTO1,EXT59,-30.4012331244196,-62.6665677347299,Localidad 1,Provincia 1,Pais 1,Region 1,20120801,20170219,Profesional 1,Institucion 1,Estante 2,Especie 1,false,PROYECTO 1,12.0267,0.7263,M,20.0007,2.0137,3.0327,Tejido 1,Metodo 2,Comentarios...
CONJUNTO1,EXT60,-30.457811809896,-62.3878960622692,Localidad 1,Provincia 1,Pais 1,Region 1,20120801,20170219,Profesional 1,Institucion 1,Estante 2,Especie 1,false,PROYECTO 1,9.8872,1.2189,M,20.0773,2.0271,3.0141,Tejido 1,Metodo 2,Comentarios...
CONJUNTO2,EXT61,-31.4230512468689,-51.846699764802,Localidad 2,Provincia 2,Pais 2,Region 2,20120801,20170219,Profesional 2,Institucion 2,Estante 2,Especie 1,false,PROYECTO 1,11.1992,0.845,M,20.6237,2.0065,2.9866,Tejido 1,Metodo 2,Comentarios...
CONJUNTO2,EXT62,-31.2775591424172,-51.835071952864,Localidad 2,Provincia 2,Pais 2,Region 2,20120801,20170219,Profesional 2,Institucion 2,Estante 2,Especie 1,false,PROYECTO 1,10.6424,1.1343,M,21.9134,2.0359,3.0149,Tejido 1,Metodo 2,Comentarios...
CONJUNTO2,EXT63,-31.446490524828,-51.6358739903998,Localidad 2,Provincia 2,Pais 2,Region 2,20120801,20170219,Profesional 2,Institucion 2,Estante 2,Especie 1,false,PROYECTO 1,8.4254,1.2418,M,20.5987,2.0229,3.0053,Tejido 1,Metodo 2,Comentarios...
CONJUNTO2,EXT64,-31.6145278978426,-51.6931395297729,Localidad 2,Provincia 2,Pais 2,Region 2,20120801,20170219,Profesional 2,Institucion 2,Estante 2,Especie 1,false,PROYECTO 1,9.7225,0.2294,M,19.0779,1.9846,3.0301,Tejido 1,Metodo 2,Comentarios...
CONJUNTO2,EXT65,-31.5485831661723,-51.6607156330515,Localidad 2,Provincia 2,Pais 2,Region 2,20120801,20170219,Profesional 2,Institucion 2,Estante 2,Especie 1,false,PROYECTO 1,8.7973,1.511,M,19.3428,2.0151,3.0173,Tejido 1,Metodo 2,Comentarios...
CONJUNTO2,EXT66,-31.6156579180395,-51.7752955801679,Localidad 2,Provincia 2,Pais 2,Region 2,20120801,20170219,Profesional 2,Institucion 2,Estante 2,Especie 1,false,PROYECTO 1,11.5069,1.0883,M,18.6083,2.044,2.9759,Tejido 1,Metodo 2,Comentarios...
CONJUNTO2,EXT67,-31.3910897593831,-51.9598115642612,Localidad 2,Provincia 2,Pais 2,Region 2,20120801,20170219,Profesional 2,Institucion 2,Estante 2,Especie 1,false,PROYECTO 1,10.6184,1.3675,M,19.7526,1.9403,3.0189,Tejido 1,Metodo 2,Comentarios...
CONJUNTO2,EXT68,-31.5881103630005,-51.9279092774942,Localidad 2,Provincia 2,Pais 2,Region 2,20120801,20170219,Profesional 2,Institucion 2,Estante 2,Especie 1,false,PROYECTO 1,10.7257,0.9262,M,18.3515,1.922,2.996,Tejido 1,Metodo 2,Comentarios...
CONJUNTO2,EXT69,-31.2953394238959,-51.785349114922,Localidad 2,Provincia 2,Pais 2,Region 2,20120801,20170219,Profesional 2,Institucion 2,Estante 2,Especie 1,false,PROYECTO 1,10.9171,1.3893,M,21.6633,2.0015,3.0112,Tejido 1,Metodo 2,Comentarios...
CONJUNTO2,EXT70,-31.5233252784805,-51.6239308695484,Localidad 2,Provincia 2,Pais 2,Region 2,20120801,20170219,Profesional 2,Institucion 2,Estante 2,Especie 1,false,PROYECTO 1,11.0871,0.7454,M,20.0631,1.9422,3.0421,Tejido 1,Metodo 2,Comentarios...
CONJUNTO2,EXT71,-31.5320904682921,-51.7194299064458,Localidad 2,Provincia 2,Pais 2,Region 2,20120801,20170219,Profesional 2,Institucion 2,Estante 2,Especie 1,false,PROYECTO 1,10.0878,1.2112,M,20.8281,2.0426,3.0102,Tejido 1,Metodo 2,Comentarios...
CONJUNTO2,EXT72,-31.4967070854092,-51.9104532256377,Localidad 2,Provincia 2,Pais 2,Region 2,20120801,20170219,Profesional 2,Institucion 2,Estante 2,Especie 1,false,PROYECTO 1,7.7351,0.8002,M,19.8054,2.0349,3.0567,Tejido 1,Metodo 2,Comentarios...
CONJUNTO2,EXT73,-31.546494034722,-51.8190672795625,Localidad 2,Provincia 2,Pais 2,Region 2,20120801,20170219,Profesional 2,Institucion 2,Estante 2,Especie 1,false,PROYECTO 1,10.4795,0.793,M,21.7159,1.9839,2.9874,Tejido 1,Metodo 2,Comentarios...
CONJUNTO2,EXT74,-31.479413483749,-51.6076726883603,Localidad 2,Provincia 2,Pais 2,Region 2,20120801,20170219,Profesional 2,Institucion 2,Estante 2,Especie 1,false,PROYECTO 1,9.5312,0.9417,F,19.0602,1.974,3.0346,Tejido 1,Metodo 2,Comentarios...
CONJUNTO2,EXT75,-31.5351875407685,-51.7785065482728,Localidad 2,Provincia 2,Pais 2,Region 2,20120801,20170219,Profesional 2,Institucion 2,Estante 2,Especie 1,false,PROYECTO 1,8.399,1.111,F,17.7122,2.0384,2.9859,Tejido 1,Metodo 2,Comentarios...
CONJUNTO2,EXT76,-31.6301124210773,-51.7993048279969,Localidad 2,Provincia 2,Pais 2,Region 2,20120801,20170219,Profesional 2,Institucion 2,Estante 2,Especie 1,false,PROYECTO 1,8.2587,0.9672,F,20.2661,2.0491,2.9797,Tejido 1,Metodo 2,Comentarios...
CONJUNTO2,EXT77,-31.5097733837332,-51.6761772230407,Localidad 2,Provincia 2,Pais 2,Region 2,20120801,20170219,Profesional 2,Institucion 2,Estante 2,Especie 1,false,PROYECTO 1,9.9966,1.2539,F,20.8673,2.0017,3.0196,Tejido 2,Metodo 2,Comentarios...
CONJUNTO2,EXT78,-31.561667056205,-51.8779557081203,Localidad 2,Provincia 2,Pais 2,Region 2,20120801,20170219,Profesional 2,Institucion 2,Estante 2,Especie 1,false,PROYECTO 1,9.269,0.9517,F,18.9341,1.9976,3.0157,Tejido 2,Metodo 2,Comentarios...
CONJUNTO2,EXT79,-31.3169342800046,-51.6086819869676,Localidad 2,Provincia 2,Pais 2,Region 2,20120801,20170219,Profesional 2,Institucion 2,Estante 2,Especie 1,false,PROYECTO 1,10.767,1.2334,F,21.5854,1.9658,2.9646,Tejido 2,Metodo 2,Comentarios...
CONJUNTO2,EXT80,-31.4375245751343,-51.867077097131,Localidad 2,Provincia 2,Pais 2,Region 2,20120801,20170219,Profesional 2,Institucion 2,Estante 2,Especie 1,false,PROYECTO 1,10.3023,1.0987,F,18.4939,1.9918,2.9947,Tejido 2,Metodo 2,Comentarios...
CONJUNTO2,EXT81,-31.345216114673,-51.7544907605167,Localidad 2,Provincia 2,Pais 2,Region 2,20120801,20170219,Profesional 2,Institucion 2,Estante 2,Especie 1,false,PROYECTO 1,11.2407,0.9237,F,18.5111,2.0138,3.0471,Tejido 2,Metodo 2,Comentarios...
CONJUNTO2,EXT82,-31.4645718349725,-51.8350894785631,Localidad 2,Provincia 2,Pais 2,Region 2,20120801,20170219,Profesional 2,Institucion 2,Estante 2,Especie 1,false,PROYECTO 1,10.4989,1.068,F,19.1633,1.9941,3.0125,Tejido 2,Metodo 2,Comentarios...
CONJUNTO2,EXT83,-31.542163656177,-51.650759935685,Localidad 2,Provincia 2,Pais 2,Region 2,20120801,20170219,Profesional 2,Institucion 2,Estante 3,Especie 1,false,PROYECTO 1,9.4121,0.9264,F,19.8288,1.9453,3.0276,Tejido 2,Metodo 2,Comentarios...
CONJUNTO2,EXT84,-31.6245261829841,-51.9041169112328,Localidad 2,Provincia 2,Pais 2,Region 2,20120801,20170219,Profesional 2,Institucion 2,Estante 3,Especie 1,false,PROYECTO 1,10.3819,1.2309,F,19.7388,1.9759,3.0073,Tejido 2,Metodo 2,Comentarios...
CONJUNTO2,EXT85,-31.4134941796861,-51.5951598145565,Localidad 2,Provincia 2,Pais 2,Region 2,20120801,20170219,Profesional 2,Institucion 2,Estante 3,Especie 1,false,PROYECTO 1,10.1371,0.9968,F,20.7413,2.0142,2.9934,Tejido 2,Metodo 2,Comentarios...
CONJUNTO2,EXT86,-31.5450177395259,-51.8799024939432,Localidad 2,Provincia 2,Pais 2,Region 2,20120801,20170219,Profesional 2,Institucion 2,Estante 3,Especie 1,false,PROYECTO 1,10.5747,1.1037,F,20.6039,2.0116,3.0294,Tejido 2,Metodo 2,Comentarios...
CONJUNTO2,EXT87,-31.3441540598201,-51.9262291348709,Localidad 2,Provincia 2,Pais 2,Region 2,20120801,20170219,Profesional 2,Institucion 2,Estante 3,Especie 1,false,PROYECTO 1,9.1451,1.2346,F,20.2376,1.9773,2.9859,Tejido 2,Metodo 2,Comentarios...
CONJUNTO2,EXT88,-31.5390696676263,-51.8592737288695,Localidad 2,Provincia 2,Pais 2,Region 2,20121201,20170219,Profesional 2,Institucion 2,Estante 3,Especie 1,false,PROYECTO 1,10.4349,0.5918,F,20.0859,1.9862,3.0367,Tejido 2,Metodo 2,Comentarios...
CONJUNTO2,EXT89,-31.4779877268289,-51.7363561438396,Localidad 2,Provincia 2,Pais 2,Region 2,20121201,20170219,Profesional 2,Institucion 2,Estante 3,Especie 1,false,PROYECTO 1,9.1716,0.8516,F,20.3129,1.9946,3.0224,Tejido 2,Metodo 2,Comentarios...
CONJUNTO2,EXT90,-31.5536062791824,-51.7444142566046,Localidad 2,Provincia 2,Pais 2,Region 2,20121201,20170219,Profesional 2,Institucion 2,Estante 3,Especie 1,false,PROYECTO 1,9.0063,1.6735,F,21.5287,1.9758,3.0072,Tejido 2,Metodo 2,Comentarios...
CONJUNTO2,EXT91,-30.5519501715714,-50.9227906823145,Localidad 2,Provincia 2,Pais 2,Region 2,20121201,20170219,Profesional 2,Institucion 2,Estante 3,Especie 1,false,PROYECTO 1,9.9668,1.67,F,20.438,1.9983,2.9712,Tejido 2,Metodo 2,Comentarios...
CONJUNTO2,EXT92,-30.7206750025901,-51.1036999579627,Localidad 2,Provincia 2,Pais 2,Region 2,20121201,20170219,Profesional 2,Institucion 2,Estante 3,Especie 1,false,PROYECTO 1,10.2352,0.5914,F,19.6412,1.9863,3.0226,Tejido 2,Metodo 2,Comentarios...
CONJUNTO2,EXT93,-30.7543834340903,-51.0299126654803,Localidad 2,Provincia 2,Pais 2,Region 2,20121201,20170219,Profesional 2,Institucion 2,Estante 3,Especie 1,false,PROYECTO 1,11.9944,0.5981,F,21.2293,2.0305,2.9935,Tejido 2,Metodo 2,Comentarios...
CONJUNTO2,EXT94,-30.8213314372371,-51.0809356556061,Localidad 2,Provincia 2,Pais 2,Region 2,20121201,20170219,Profesional 2,Institucion 2,Estante 3,Especie 1,false,PROYECTO 1,10.1423,1.0638,F,19.4679,1.9716,3.0526,Tejido 2,Metodo 2,Comentarios...
CONJUNTO2,EXT95,-30.5836924939565,-51.096164592663,Localidad 2,Provincia 2,Pais 2,Region 2,20121201,20170219,Profesional 2,Institucion 2,Estante 3,Especie 1,false,PROYECTO 1,9.4312,1.1598,F,19.5945,2.0427,2.9655,Tejido 3,Metodo 2,Comentarios...
CONJUNTO2,EXT96,-30.9058492268436,-50.9573966916808,Localidad 2,Provincia 2,Pais 2,Region 2,20121201,20170219,Profesional 2,Institucion 2,Estante 3,Especie 1,false,PROYECTO 1,8.934,0.8025,F,19.4173,1.956,3.0007,Tejido 3,Metodo 2,Comentarios...
CONJUNTO2,EXT97,-30.7514426974913,-51.0675141078548,Localidad 2,Provincia 2,Pais 2,Region 2,20121201,20170219,Profesional 2,Institucion 2,Estante 3,Especie 1,false,PROYECTO 1,9.1859,1.3607,F,20.5151,1.9847,2.9784,Tejido 3,Metodo 2,Comentarios...
CONJUNTO2,EXT98,-30.7663842733502,-50.9199573297634,Localidad 2,Provincia 2,Pais 2,Region 2,20121201,20170219,Profesional 2,Institucion 2,Estante 3,Especie 1,false,PROYECTO 1,10.4296,1.3095,F,19.0832,1.9946,3.0023,Tejido 3,Metodo 2,Comentarios...
CONJUNTO2,EXT99,-30.7221570525982,-50.9892676372001,Localidad 2,Provincia 2,Pais 2,Region 2,20121201,20170219,Profesional 2,Institucion 2,Estante 3,Especie 1,false,PROYECTO 1,8.956,0.6302,F,20.4078,2.029,2.9887,Tejido 3,Metodo 2,Comentarios...
CONJUNTO2,EXT100,-30.7849552710544,-51.1219097410441,Localidad 2,Provincia 2,Pais 2,Region 2,20121201,20170219,Profesional 2,Institucion 2,Estante 3,Especie 1,false,PROYECTO 1,9.3552,0.7347,F,20.4827,2.0317,3.0135,Tejido 3,Metodo 2,Comentarios...
CONJUNTO2,EXT101,-30.8273021326321,-50.9397265313068,Localidad 2,Provincia 2,Pais 2,Region 2,20121201,20170219,Profesional 2,Institucion 2,Estante 3,Especie 1,false,PROYECTO 1,9.7728,1.0002,F,20.4881,2.0353,3.0124,Tejido 3,Metodo 2,Comentarios...
CONJUNTO2,EXT102,-30.7471490628181,-51.054630532976,Localidad 2,Provincia 2,Pais 2,Region 2,20121201,20170219,Profesional 2,Institucion 2,Estante 3,Especie 1,false,PROYECTO 1,9.7864,0.7325,F,19.3923,1.9598,2.9854,Tejido 3,Metodo 2,Comentarios...
CONJUNTO2,EXT103,-30.7906986989251,-50.9649441272089,Localidad 2,Provincia 2,Pais 2,Region 2,20121201,20170219,Profesional 2,Institucion 2,Estante 3,Especie 1,false,PROYECTO 1,10.5548,1.1177,F,19.0658,1.9767,2.9632,Tejido 3,Metodo 2,Comentarios...
CONJUNTO2,EXT104,-30.6636350998316,-51.1132166684162,Localidad 2,Provincia 2,Pais 2,Region 2,20121201,20170219,Profesional 2,Institucion 2,Estante 3,Especie 1,false,PROYECTO 1,10.2267,0.9558,F,20.724,1.9804,3.0069,Tejido 3,Metodo 2,Comentarios...
CONJUNTO2,EXT105,-30.7804017784606,-50.9354194923217,Localidad 2,Provincia 2,Pais 2,Region 2,20121201,20170219,Profesional 2,Institucion 2,Estante 3,Especie 1,false,PROYECTO 1,8.4594,1.1022,F,18.8767,2.0131,3.0834,Tejido 3,Metodo 2,Comentarios...
CONJUNTO2,EXT106,-30.8274970332945,-51.0388311244147,Localidad 2,Provincia 2,Pais 2,Region 2,20121201,20170219,Profesional 2,Institucion 2,Estante 3,Especie 1,false,PROYECTO 1,11.4567,1.027,F,20.9443,1.9952,2.9647,Tejido 3,Metodo 2,Comentarios...
CONJUNTO2,EXT107,-30.7016185882972,-51.0123829304521,Localidad 2,Provincia 2,Pais 2,Region 2,20121201,20170219,Profesional 2,Institucion 2,Estante 3,Especie 1,false,PROYECTO 1,10.8017,1.1121,F,21.3108,2.0188,3.0042,Tejido 3,Metodo 2,Comentarios...
CONJUNTO2,EXT108,-30.6148883729667,-51.1744405005031,Localidad 2,Provincia 2,Pais 2,Region 2,20121201,20170219,Profesional 2,Institucion 2,Estante 3,Especie 1,false,PROYECTO 1,10.9259,0.7296,F,18.9482,1.9413,2.964,Tejido 3,Metodo 2,Comentarios...
CONJUNTO2,EXT109,-30.5816455043077,-51.0337369133544,Localidad 2,Provincia 2,Pais 2,Region 2,20121201,20170219,Profesional 2,Institucion 2,Estante 3,Especie 1,false,PROYECTO 1,9.9206,0.62,F,20.5929,1.9801,3.0115,Tejido 3,Metodo 2,Comentarios...
CONJUNTO2,EXT110,-30.7565644718527,-51.1027165181001,Localidad 2,Provincia 2,Pais 2,Region 2,20121201,20170219,Profesional 2,Institucion 2,Estante 3,Especie 1,false,PROYECTO 1,9.957,1.0553,F,21.2133,2.0084,2.9934,Tejido 3,Metodo 2,Comentarios...
CONJUNTO2,EXT111,-30.8118470221883,-51.075119225157,Localidad 2,Provincia 2,Pais 2,Region 2,20110601,20170219,Profesional 2,Institucion 2,Estante 3,Especie 1,false,PROYECTO 1,11.3353,1.1165,F,20.2007,2.0242,3.0127,Tejido 3,Metodo 2,Comentarios...
CONJUNTO2,EXT112,-30.7321146988864,-50.9167982120952,Localidad 2,Provincia 2,Pais 2,Region 2,20110601,20170219,Profesional 2,Institucion 2,Estante 3,Especie 1,false,PROYECTO 1,11.1365,0.9348,F,20.1807,1.997,3.015,Tejido 3,Metodo 2,Comentarios...
CONJUNTO2,EXT113,-30.8329584549916,-51.115638127303,Localidad 2,Provincia 2,Pais 2,Region 2,20110601,20170219,Profesional 2,Institucion 2,Estante 3,Especie 1,false,PROYECTO 1,12.233,0.7347,F,20.3759,1.9944,3.0192,Tejido 3,Metodo 2,Comentarios...
CONJUNTO2,EXT114,-30.6999203384964,-51.1112887586508,Localidad 2,Provincia 2,Pais 2,Region 2,20110601,20170219,Profesional 2,Institucion 2,Estante 3,Especie 1,false,PROYECTO 1,11.9574,0.6174,F,18.9784,2.0112,3.0203,Tejido 3,Metodo 2,Comentarios...
CONJUNTO2,EXT115,-30.5693415240414,-51.0389293203013,Localidad 2,Provincia 2,Pais 2,Region 2,20110601,20170219,Profesional 2,Institucion 2,Estante 3,Especie 1,false,PROYECTO 1,9.9023,0.6883,F,19.7043,1.9571,3.0054,Tejido 3,Metodo 2,Comentarios...
CONJUNTO2,EXT116,-30.6896012600567,-51.1811463078966,Localidad 2,Provincia 2,Pais 2,Region 2,20111001,20170219,Profesional 2,Institucion 2,Estante 4,Especie 1,false,PROYECTO 1,10.9732,1.0444,F,20.7524,2.0172,2.9703,Tejido 3,Metodo 2,Comentarios...
CONJUNTO2,EXT117,-30.6840167034956,-50.894090993066,Localidad 2,Provincia 2,Pais 2,Region 2,20111001,20170219,Profesional 2,Institucion 2,Estante 4,Especie 1,false,PROYECTO 1,10.0206,0.174,F,21.0588,2.034,3.0237,Tejido 3,Metodo 2,Comentarios...
CONJUNTO2,EXT118,-30.6760956774897,-50.9872201109976,Localidad 2,Provincia 2,Pais 2,Region 2,20111001,20170219,Profesional 2,Institucion 2,Estante 4,Especie 1,false,PROYECTO 1,9.9772,1.4483,F,17.5416,2.0183,2.9764,Tejido 3,Metodo 2,Comentarios...
CONJUNTO2,EXT119,-30.623530328719,-51.0098477493682,Localidad 2,Provincia 2,Pais 2,Region 2,20111001,20170219,Profesional 2,Institucion 2,Estante 4,Especie 1,false,PROYECTO 1,10.3289,0.794,F,20.5603,2.0053,2.9914,Tejido 3,Metodo 2,Comentarios...
CONJUNTO2,EXT120,-30.9527422721755,-51.1821433587342,Localidad 2,Provincia 2,Pais 2,Region 2,20111001,20170219,Profesional 2,Institucion 2,Estante 4,Especie 1,false,PROYECTO 1,9.3373,0.9831,F,20.3082,2.0373,3.0578,Tejido 3,Metodo 2,Comentarios...
CONJUNTO3,EXT121,-27.2073973666522,-56.5476525991442,Localidad 3,Provincia 3,Pais 3,Region 3,20111001,20170219,Profesional 3,Institucion 3,Estante 4,Especie 1,false,PROYECTO 1,9.3027,0.9391,F,20.1312,1.9801,2.9947,Tejido 3,Metodo 2,Comentarios...
CONJUNTO3,EXT122,-27.494535286259,-56.5471939825766,Localidad 3,Provincia 3,Pais 3,Region 3,20111001,20170219,Profesional 3,Institucion 3,Estante 4,Especie 1,false,PROYECTO 1,10.1898,0.9317,F,21.2353,1.9736,3.0016,Tejido 3,Metodo 2,Comentarios...
CONJUNTO3,EXT123,-27.8042106311365,-56.4653466539256,Localidad 3,Provincia 3,Pais 3,Region 3,20111001,20170219,Profesional 3,Institucion 3,Estante 4,Especie 1,false,PROYECTO 1,7.5084,1.1077,F,18.4307,2.0037,2.9791,Tejido 3,Metodo 2,Comentarios...
CONJUNTO3,EXT124,-27.0078374105864,-56.6050788546197,Localidad 3,Provincia 3,Pais 3,Region 3,20111001,20170219,Profesional 3,Institucion 3,Estante 4,Especie 1,false,PROYECTO 1,10.1816,1.2369,F,20.8544,2.0171,2.9972,Tejido 3,Metodo 2,Comentarios...
CONJUNTO3,EXT125,-27.5656189597932,-56.5037393820273,Localidad 3,Provincia 3,Pais 3,Region 3,20111001,20170219,Profesional 3,Institucion 3,Estante 4,Especie 1,false,PROYECTO 1,8.5504,0.3824,F,18.8899,2.0005,3.0315,Tejido 3,Metodo 2,Comentarios...
CONJUNTO3,EXT126,-27.3950110346713,-56.6175348594864,Localidad 3,Provincia 3,Pais 3,Region 3,20110901,20170219,Profesional 3,Institucion 3,Estante 4,Especie 1,false,PROYECTO 1,9.5933,1.1251,F,20.8169,1.9674,2.9758,Tejido 3,Metodo 2,Comentarios...
CONJUNTO3,EXT127,-27.1020328085966,-56.5908886185204,Localidad 3,Provincia 3,Pais 3,Region 3,20110901,20170219,Profesional 3,Institucion 3,Estante 4,Especie 1,false,PROYECTO 1,11.6425,0.9682,F,19.9685,1.9705,2.9887,Tejido 3,Metodo 2,Comentarios...
CONJUNTO3,EXT128,-27.5393777707326,-56.4969490338153,Localidad 3,Provincia 3,Pais 3,Region 3,20110901,20170219,Profesional 3,Institucion 3,Estante 4,Especie 1,false,PROYECTO 1,9.1633,0.7611,F,19.9455,1.9839,3.0317,Tejido 3,Metodo 2,Comentarios...
CONJUNTO3,EXT129,-27.5671094856965,-56.6029686105326,Localidad 3,Provincia 3,Pais 3,Region 3,20110901,20170219,Profesional 3,Institucion 3,Estante 4,Especie 1,false,PROYECTO 1,10.0115,0.9888,F,19.7652,2.031,2.9934,Tejido 3,Metodo 2,Comentarios...
CONJUNTO3,EXT130,-27.236533717609,-56.4585118302002,Localidad 3,Provincia 3,Pais 3,Region 3,20110901,20170219,Profesional 3,Institucion 3,Estante 4,Especie 1,false,PROYECTO 1,10.6771,1.0379,F,19.5339,2.0154,3.0093,Tejido 3,Metodo 2,Comentarios...
CONJUNTO3,EXT131,-27.3526662038167,-56.5103903292771,Localidad 3,Provincia 3,Pais 3,Region 3,20110901,20170219,Profesional 3,Institucion 3,Estante 4,Especie 1,false,PROYECTO 1,10.2225,1.4715,F,18.6814,1.9835,2.9508,Tejido 3,Metodo 2,Comentarios...
CONJUNTO3,EXT132,-27.0244397219969,-56.6388305916094,Localidad 3,Provincia 3,Pais 3,Region 3,20110901,20170219,Profesional 3,Institucion 3,Estante 4,Especie 1,false,PROYECTO 1,10.5839,1.057,F,19.7032,2.0046,2.9557,Tejido 3,Metodo 2,Comentarios...
CONJUNTO3,EXT133,-27.3588107882211,-56.7801692560521,Localidad 3,Provincia 3,Pais 3,Region 3,20110601,20170219,Profesional 3,Institucion 3,Estante 4,Especie 1,false,PROYECTO 1,9.9767,1.2085,F,19.568,2.0077,3.0354,Tejido 3,Metodo 2,Comentarios...
CONJUNTO3,EXT134,-27.3234028364551,-56.4372016756284,Localidad 3,Provincia 3,Pais 3,Region 3,20111101,20170219,Profesional 3,Institucion 3,Estante 4,Especie 1,false,PROYECTO 1,9.7501,1.1893,F,21.1692,2.0036,3.0205,Tejido 3,Metodo 2,Comentarios...
CONJUNTO3,EXT135,-27.2532758340914,-56.4518996329429,Localidad 3,Provincia 3,Pais 3,Region 3,20111101,20170219,Profesional 3,Institucion 3,Estante 4,Especie 1,false,PROYECTO 1,10.5225,1.2094,F,20.2233,2.0167,3.0224,Tejido 3,Metodo 2,Comentarios...
CONJUNTO3,EXT136,-27.14075571047,-56.7241309735449,Localidad 3,Provincia 3,Pais 3,Region 3,20111101,20170219,Profesional 3,Institucion 3,Estante 4,Especie 1,false,PROYECTO 1,9.3627,1.1649,F,19.7642,1.9687,2.9937,Tejido 3,Metodo 2,Comentarios...
CONJUNTO3,EXT137,-27.1473675340807,-56.7800436636452,Localidad 3,Provincia 3,Pais 3,Region 3,20111101,20170219,Profesional 3,Institucion 3,Estante 4,Especie 1,false,PROYECTO 1,10.9099,1.1738,F,20.2169,1.998,2.9895,Tejido 3,Metodo 2,Comentarios...
CONJUNTO3,EXT138,-27.0835382197076,-56.3528269657827,Localidad 3,Provincia 3,Pais 3,Region 3,20111101,20170219,Profesional 3,Institucion 3,Estante 4,Especie 1,false,PROYECTO 1,11.0435,0.8785,F,18.8847,2.0765,3.0082,Tejido 3,Metodo 2,Comentarios...
CONJUNTO3,EXT139,-27.4399847213167,-56.5775410170671,Localidad 3,Provincia 3,Pais 3,Region 3,20111101,20170219,Profesional 3,Institucion 3,Estante 4,Especie 1,false,PROYECTO 1,10.8111,0.9337,F,19.6748,1.9868,3.0002,Tejido 3,Metodo 2,Comentarios...
CONJUNTO3,EXT140,-27.1297396146112,-56.4815316867706,Localidad 3,Provincia 3,Pais 3,Region 3,20111201,20170219,Profesional 3,Institucion 3,Estante 4,Especie 1,false,PROYECTO 1,7.2634,1.3091,I,20.2443,2.0008,3.0635,Tejido 3,Metodo 2,Comentarios...
CONJUNTO3,EXT141,-27.3779235151804,-56.4601580007325,Localidad 3,Provincia 3,Pais 3,Region 3,20111201,20170219,Profesional 3,Institucion 3,Estante 4,Especie 1,false,PROYECTO 1,11.4286,1.2174,I,20.4193,2.0036,3.0007,Tejido 3,Metodo 2,Comentarios...
CONJUNTO3,EXT142,-27.5369789129464,-56.9183906551478,Localidad 3,Provincia 3,Pais 3,Region 3,20120101,20170219,Profesional 3,Institucion 3,Estante 4,Especie 1,false,PROYECTO 1,10.7355,0.271,I,20.6531,2.0129,2.9669,Tejido 3,Metodo 2,Comentarios...
CONJUNTO3,EXT143,-27.4128255196981,-56.7659531735057,Localidad 3,Provincia 3,Pais 3,Region 3,20120101,20170219,Profesional 3,Institucion 3,Estante 4,Especie 1,false,PROYECTO 1,9.6861,0.7038,I,19.4818,2.0005,2.955,Tejido 3,Metodo 2,Comentarios...
CONJUNTO3,EXT144,-27.8172056776813,-56.5712123152489,Localidad 3,Provincia 3,Pais 3,Region 3,20120101,20170219,Profesional 3,Institucion 3,Estante 4,Especie 1,false,PROYECTO 1,10.631,0.7323,I,19.5531,1.9925,2.9909,Tejido 3,Metodo 2,Comentarios...
CONJUNTO3,EXT145,-27.2602364604968,-56.3060370018551,Localidad 3,Provincia 3,Pais 3,Region 3,20120101,20170219,Profesional 3,Institucion 3,Estante 4,Especie 1,false,PROYECTO 1,9.5618,1.2846,I,19.5153,2.0087,2.9791,Tejido 3,Metodo 2,Comentarios...
CONJUNTO3,EXT146,-27.4970333077521,-56.199025171566,Localidad 3,Provincia 3,Pais 3,Region 3,20120101,20170219,Profesional 3,Institucion 3,Estante 4,Especie 1,false,PROYECTO 1,9.6514,1.2298,I,20.7433,2.0202,3.0362,Tejido 3,Metodo 2,Comentarios...
CONJUNTO3,EXT147,-27.5768004322717,-56.4400045919797,Localidad 3,Provincia 3,Pais 3,Region 3,20120301,20170219,Profesional 3,Institucion 3,Estante 4,Especie 1,false,PROYECTO 1,9.0509,0.7934,I,20.935,1.9684,3.0115,Tejido 3,Metodo 2,Comentarios...
CONJUNTO3,EXT148,-27.2444800523148,-56.329731185119,Localidad 3,Provincia 3,Pais 3,Region 3,20120301,20170219,Profesional 3,Institucion 3,Estante 4,Especie 1,false,PROYECTO 1,8.6327,0.5899,I,18.8764,2.025,3.0311,Tejido 3,Metodo 2,Comentarios...
CONJUNTO3,EXT149,-27.6360570310507,-56.1868718981695,Localidad 3,Provincia 3,Pais 3,Region 3,20120301,20170219,Profesional 3,Institucion 3,Estante 4,Especie 1,false,PROYECTO 1,9.1018,0.9645,I,20.7397,2.0475,2.976,Tejido 3,Metodo 2,Comentarios...
CONJUNTO3,EXT150,-27.6937021402438,-56.5255720508099,Localidad 3,Provincia 3,Pais 3,Region 3,20120301,20170219,Profesional 3,Institucion 3,Estante 4,Especie 1,false,PROYECTO 1,9.9446,1.0937,I,19.4166,1.9969,2.9733,Tejido 3,Metodo 2,Comentarios...
CONJUNTO3,EXT151,-27.1865615503916,-56.2109041285462,Localidad 3,Provincia 3,Pais 3,Region 3,20120301,20170219,Profesional 3,Institucion 3,Estante 4,Especie 1,false,PROYECTO 1,9.9642,1.2402,I,19.4217,1.9831,2.997,Tejido 3,Metodo 2,Comentarios...
CONJUNTO3,EXT152,-27.3468253125502,-56.2619840602947,Localidad 3,Provincia 3,Pais 3,Region 3,20120301,20170219,Profesional 3,Institucion 3,Estante 4,Especie 1,false,PROYECTO 1,9.7388,1.0695,I,20.2569,2.0052,2.9421,Tejido 3,Metodo 2,Comentarios...
CONJUNTO3,EXT153,-27.6889061596328,-56.5390943280183,Localidad 3,Provincia 3,Pais 3,Region 3,20120301,20170219,Profesional 3,Institucion 3,Estante 4,Especie 1,false,PROYECTO 1,9.7092,0.8459,I,19.7208,2.0056,2.993,Tejido 3,Metodo 2,Comentarios...
CONJUNTO3,EXT154,-27.5252731821068,-56.2808447342283,Localidad 3,Provincia 3,Pais 3,Region 3,20120301,20170219,Profesional 3,Institucion 3,Estante 4,Especie 1,false,PROYECTO 1,9.7835,1.1079,I,18.3587,1.9993,2.9944,Tejido 3,Metodo 2,Comentarios...
CONJUNTO3,EXT155,-27.1201730976543,-56.7840724262168,Localidad 3,Provincia 3,Pais 3,Region 3,20120301,20170219,Profesional 3,Institucion 3,Estante 4,Especie 1,false,PROYECTO 1,9.0636,0.9241,I,22.3793,2.0261,3.0317,Tejido 3,Metodo 2,Comentarios...
CONJUNTO3,EXT156,-27.52584350368,-56.8971480710861,Localidad 3,Provincia 3,Pais 3,Region 3,20111001,20170219,Profesional 3,Institucion 3,Estante 4,Especie 1,false,PROYECTO 1,9.0308,1.1983,I,20.2957,1.9886,3.0358,Tejido 3,Metodo 2,Comentarios...
CONJUNTO3,EXT157,-27.3074459642579,-56.4145886259334,Localidad 3,Provincia 3,Pais 3,Region 3,20111101,20170219,Profesional 3,Institucion 3,Estante 4,Especie 1,false,PROYECTO 1,10.3186,0.9532,I,19.9306,2.0232,2.9646,Tejido 3,Metodo 2,Comentarios...
CONJUNTO3,EXT158,-27.3872528036414,-56.4118247679637,Localidad 3,Provincia 3,Pais 3,Region 3,20111101,20170219,Profesional 3,Institucion 3,Estante 4,Especie 1,false,PROYECTO 1,10.7986,0.9181,I,18.0327,2.0067,2.9812,Tejido 3,Metodo 2,Comentarios...
CONJUNTO3,EXT159,-27.480486717632,-56.5644707503056,Localidad 3,Provincia 3,Pais 3,Region 3,20111101,20170219,Profesional 3,Institucion 3,Estante 4,Especie 1,false,PROYECTO 1,10.4319,1.218,I,19.8712,2.0099,2.9797,Tejido 3,Metodo 2,Comentarios...
CONJUNTO3,EXT160,-27.0930617673455,-56.5343665024938,Localidad 3,Provincia 3,Pais 3,Region 3,20110901,20170219,Profesional 3,Institucion 3,Estante 4,Especie 1,false,PROYECTO 1,9.7765,0.4705,I,19.2628,1.9895,3.0275,Tejido 3,Metodo 2,Comentarios...
CONJUNTO3,EXT161,-27.4652239222538,-56.4822101037468,Localidad 3,Provincia 3,Pais 3,Region 3,20120301,20170219,Profesional 3,Institucion 3,Estante 4,Especie 1,false,PROYECTO 1,10.3753,1.3223,I,21.8755,1.9847,2.9559,Tejido 3,Metodo 2,Comentarios...
CONJUNTO3,EXT162,-27.4652239222536,-56.4822101037467,Localidad 3,Provincia 3,Pais 3,Region 3,20120301,20170219,Profesional 3,Institucion 3,Estante 4,Especie 1,false,PROYECTO 1,9.1133,1.3557,I,20.6396,1.9847,2.9881,Tejido 3,Metodo 2,Comentarios...
