conjuntoMuestras,codigoExterno,region,proyecto,especie
Nursery_CA,1411152-10B,Nursery_CA,Kamvar_et_al_2014,Phytophthora ramorum
Nursery_CA,82,Nursery_CA,Kamvar_et_al_2014,Phytophthora ramorum
Nursery_CA,83,Nursery_CA,Kamvar_et_al_2014,Phytophthora ramorum
Nursery_CA,84,Nursery_CA,Kamvar_et_al_2014,Phytophthora ramorum
Nursery_CA,85,Nursery_CA,Kamvar_et_al_2014,Phytophthora ramorum
Nursery_CA,81-NM-1,Nursery_CA,Kamvar_et_al_2014,Phytophthora ramorum
Nursery_OR,06-1413-1,Nursery_OR,Kamvar_et_al_2014,Phytophthora ramorum
Nursery_OR,07-83-7-A,Nursery_OR,Kamvar_et_al_2014,Phytophthora ramorum
Nursery_OR,ODA-06-1029-82B,Nursery_OR,Kamvar_et_al_2014,Phytophthora ramorum
Nursery_OR,ODA-06-1029-82C,Nursery_OR,Kamvar_et_al_2014,Phytophthora ramorum
Nursery_OR,ODA-06-1029-109A,Nursery_OR,Kamvar_et_al_2014,Phytophthora ramorum
Nursery_OR,ODA-06-1029-109B,Nursery_OR,Kamvar_et_al_2014,Phytophthora ramorum
Nursery_OR,118-28-A,Nursery_OR,Kamvar_et_al_2014,Phytophthora ramorum
Nursery_OR,08-206-44-B,Nursery_OR,Kamvar_et_al_2014,Phytophthora ramorum
Nursery_OR,08-206-44-D,Nursery_OR,Kamvar_et_al_2014,Phytophthora ramorum
Nursery_OR,08-206-44-E,Nursery_OR,Kamvar_et_al_2014,Phytophthora ramorum
Nursery_OR,351-5-A,Nursery_OR,Kamvar_et_al_2014,Phytophthora ramorum
Nursery_OR,351-5-C,Nursery_OR,Kamvar_et_al_2014,Phytophthora ramorum
Nursery_OR,351-5-D,Nursery_OR,Kamvar_et_al_2014,Phytophthora ramorum
Nursery_OR,351-5-E,Nursery_OR,Kamvar_et_al_2014,Phytophthora ramorum
Nursery_OR,04-76-C,Nursery_OR,Kamvar_et_al_2014,Phytophthora ramorum
Nursery_OR,04-335-2A,Nursery_OR,Kamvar_et_al_2014,Phytophthora ramorum
Nursery_OR,04-189-B4,Nursery_OR,Kamvar_et_al_2014,Phytophthora ramorum
Nursery_OR,03-74-N10A-B,Nursery_OR,Kamvar_et_al_2014,Phytophthora ramorum
Nursery_OR,05-2033-72,Nursery_OR,Kamvar_et_al_2014,Phytophthora ramorum
Nursery_OR,05-2033-73,Nursery_OR,Kamvar_et_al_2014,Phytophthora ramorum
Nursery_OR,05-2086-12,Nursery_OR,Kamvar_et_al_2014,Phytophthora ramorum
Nursery_OR,05-2086-20,Nursery_OR,Kamvar_et_al_2014,Phytophthora ramorum
Nursery_OR,05-2086-31,Nursery_OR,Kamvar_et_al_2014,Phytophthora ramorum
Nursery_OR,05-2086-34,Nursery_OR,Kamvar_et_al_2014,Phytophthora ramorum
Nursery_OR,05-2088-3,Nursery_OR,Kamvar_et_al_2014,Phytophthora ramorum
Nursery_OR,06-30,Nursery_OR,Kamvar_et_al_2014,Phytophthora ramorum
Nursery_OR,06-81-2,Nursery_OR,Kamvar_et_al_2014,Phytophthora ramorum
Nursery_OR,06-1036-71B,Nursery_OR,Kamvar_et_al_2014,Phytophthora ramorum
Nursery_OR,06-1036-71C,Nursery_OR,Kamvar_et_al_2014,Phytophthora ramorum
Nursery_OR,06-1029-122D,Nursery_OR,Kamvar_et_al_2014,Phytophthora ramorum
Nursery_OR,06-1029-122C,Nursery_OR,Kamvar_et_al_2014,Phytophthora ramorum
Nursery_OR,06-1029-122A,Nursery_OR,Kamvar_et_al_2014,Phytophthora ramorum
Nursery_OR,06-1029-98C,Nursery_OR,Kamvar_et_al_2014,Phytophthora ramorum
Nursery_OR,06-1027-90,Nursery_OR,Kamvar_et_al_2014,Phytophthora ramorum
Nursery_CA,1369017-9,Nursery_CA,Kamvar_et_al_2014,Phytophthora ramorum
Nursery_CA,1352535-6,Nursery_CA,Kamvar_et_al_2014,Phytophthora ramorum
Nursery_CA,1343990-17,Nursery_CA,Kamvar_et_al_2014,Phytophthora ramorum
Nursery_CA,1344272-8,Nursery_CA,Kamvar_et_al_2014,Phytophthora ramorum
Nursery_CA,1411152-10A,Nursery_CA,Kamvar_et_al_2014,Phytophthora ramorum
Nursery_CA,1341321-16,Nursery_CA,Kamvar_et_al_2014,Phytophthora ramorum
Nursery_CA,1418983-2,Nursery_CA,Kamvar_et_al_2014,Phytophthora ramorum
Nursery_CA,1402871-B,Nursery_CA,Kamvar_et_al_2014,Phytophthora ramorum
Nursery_CA,1373915-5,Nursery_CA,Kamvar_et_al_2014,Phytophthora ramorum
Nursery_CA,1343990-10,Nursery_CA,Kamvar_et_al_2014,Phytophthora ramorum
Nursery_CA,1360295-17,Nursery_CA,Kamvar_et_al_2014,Phytophthora ramorum
Nursery_CA,1341321-32,Nursery_CA,Kamvar_et_al_2014,Phytophthora ramorum
Nursery_CA,1339849-3,Nursery_CA,Kamvar_et_al_2014,Phytophthora ramorum
Nursery_CA,1339849-5,Nursery_CA,Kamvar_et_al_2014,Phytophthora ramorum
Nursery_CA,1339849-6,Nursery_CA,Kamvar_et_al_2014,Phytophthora ramorum
Nursery_CA,1339849-7,Nursery_CA,Kamvar_et_al_2014,Phytophthora ramorum
Nursery_CA,1339849-8,Nursery_CA,Kamvar_et_al_2014,Phytophthora ramorum
Nursery_CA,1339849-10,Nursery_CA,Kamvar_et_al_2014,Phytophthora ramorum
Nursery_CA,1339849-12,Nursery_CA,Kamvar_et_al_2014,Phytophthora ramorum
Nursery_CA,1339849-13,Nursery_CA,Kamvar_et_al_2014,Phytophthora ramorum
Nursery_CA,1339849-15,Nursery_CA,Kamvar_et_al_2014,Phytophthora ramorum
Nursery_CA,1339849-16,Nursery_CA,Kamvar_et_al_2014,Phytophthora ramorum
Nursery_CA,1339849-17,Nursery_CA,Kamvar_et_al_2014,Phytophthora ramorum
Nursery_CA,1429425,Nursery_CA,Kamvar_et_al_2014,Phytophthora ramorum
Nursery_OR,07-83-7-B,Nursery_OR,Kamvar_et_al_2014,Phytophthora ramorum
Nursery_OR,07-83-37-D,Nursery_OR,Kamvar_et_al_2014,Phytophthora ramorum
Nursery_OR,07-83-38-B,Nursery_OR,Kamvar_et_al_2014,Phytophthora ramorum
Nursery_OR,07-83-38-D,Nursery_OR,Kamvar_et_al_2014,Phytophthora ramorum
Nursery_CA,1370431-1,Nursery_CA,Kamvar_et_al_2014,Phytophthora ramorum
Nursery_CA,1370431-2,Nursery_CA,Kamvar_et_al_2014,Phytophthora ramorum
Nursery_CA,1370431-3,Nursery_CA,Kamvar_et_al_2014,Phytophthora ramorum
Nursery_CA,1370431-4,Nursery_CA,Kamvar_et_al_2014,Phytophthora ramorum
Nursery_CA,1370431-5,Nursery_CA,Kamvar_et_al_2014,Phytophthora ramorum
Nursery_CA,1428631-1,Nursery_CA,Kamvar_et_al_2014,Phytophthora ramorum
Nursery_OR,04-278-3,Nursery_OR,Kamvar_et_al_2014,Phytophthora ramorum
Nursery_OR,04-335-2B,Nursery_OR,Kamvar_et_al_2014,Phytophthora ramorum
Nursery_OR,04-335-2C,Nursery_OR,Kamvar_et_al_2014,Phytophthora ramorum
Nursery_CA,1314176-9,Nursery_CA,Kamvar_et_al_2014,Phytophthora ramorum
Nursery_CA,1314176-13,Nursery_CA,Kamvar_et_al_2014,Phytophthora ramorum
Nursery_CA,1387968,Nursery_CA,Kamvar_et_al_2014,Phytophthora ramorum
Nursery_CA,1418886,Nursery_CA,Kamvar_et_al_2014,Phytophthora ramorum
Nursery_OR,04-83D,Nursery_OR,Kamvar_et_al_2014,Phytophthora ramorum
Nursery_CA,Phytr-06-4,Nursery_CA,Kamvar_et_al_2014,Phytophthora ramorum
Nursery_CA,Phytr-0-217,Nursery_CA,Kamvar_et_al_2014,Phytophthora ramorum
Nursery_CA,NOR1.2,Nursery_CA,Kamvar_et_al_2014,Phytophthora ramorum
Nursery_CA,MCK1.1,Nursery_CA,Kamvar_et_al_2014,Phytophthora ramorum
Nursery_CA,MCK1.2,Nursery_CA,Kamvar_et_al_2014,Phytophthora ramorum
Nursery_OR,4123.100000000000364,Nursery_OR,Kamvar_et_al_2014,Phytophthora ramorum
Nursery_OR,07-1161-1C,Nursery_OR,Kamvar_et_al_2014,Phytophthora ramorum
Nursery_OR,07-1161-1E,Nursery_OR,Kamvar_et_al_2014,Phytophthora ramorum
Nursery_OR,07-1161-4A,Nursery_OR,Kamvar_et_al_2014,Phytophthora ramorum
Nursery_OR,07-1161-4B,Nursery_OR,Kamvar_et_al_2014,Phytophthora ramorum
Nursery_OR,07-1161-3-1,Nursery_OR,Kamvar_et_al_2014,Phytophthora ramorum
Nursery_OR,07-1161-3-2,Nursery_OR,Kamvar_et_al_2014,Phytophthora ramorum
Nursery_OR,07-1161-3-3,Nursery_OR,Kamvar_et_al_2014,Phytophthora ramorum
Nursery_OR,07-1161-5A,Nursery_OR,Kamvar_et_al_2014,Phytophthora ramorum
Nursery_OR,07-1161-5D,Nursery_OR,Kamvar_et_al_2014,Phytophthora ramorum
Nursery_CA,1314070-20,Nursery_CA,Kamvar_et_al_2014,Phytophthora ramorum
Nursery_OR,07-1240-1,Nursery_OR,Kamvar_et_al_2014,Phytophthora ramorum
Nursery_OR,08-15-1,Nursery_OR,Kamvar_et_al_2014,Phytophthora ramorum
Nursery_OR,08-16-1,Nursery_OR,Kamvar_et_al_2014,Phytophthora ramorum
Nursery_CA,1368791-19,Nursery_CA,Kamvar_et_al_2014,Phytophthora ramorum
Nursery_CA,1368791-21,Nursery_CA,Kamvar_et_al_2014,Phytophthora ramorum
Nursery_CA,1429891-1,Nursery_CA,Kamvar_et_al_2014,Phytophthora ramorum
Nursery_CA,1429891-2,Nursery_CA,Kamvar_et_al_2014,Phytophthora ramorum
Nursery_CA,1429891-3,Nursery_CA,Kamvar_et_al_2014,Phytophthora ramorum
Nursery_CA,1429891-4,Nursery_CA,Kamvar_et_al_2014,Phytophthora ramorum
Nursery_CA,1429891-6,Nursery_CA,Kamvar_et_al_2014,Phytophthora ramorum
Nursery_CA,1429891-7,Nursery_CA,Kamvar_et_al_2014,Phytophthora ramorum
Nursery_CA,1429891-10,Nursery_CA,Kamvar_et_al_2014,Phytophthora ramorum
Nursery_CA,1429891-11,Nursery_CA,Kamvar_et_al_2014,Phytophthora ramorum
Nursery_CA,1437044-28,Nursery_CA,Kamvar_et_al_2014,Phytophthora ramorum
Nursery_CA,1454471-29,Nursery_CA,Kamvar_et_al_2014,Phytophthora ramorum
Nursery_CA,1454471-31,Nursery_CA,Kamvar_et_al_2014,Phytophthora ramorum
Nursery_CA,1309326-1,Nursery_CA,Kamvar_et_al_2014,Phytophthora ramorum
Nursery_CA,1480397,Nursery_CA,Kamvar_et_al_2014,Phytophthora ramorum
Nursery_CA,1368791-2,Nursery_CA,Kamvar_et_al_2014,Phytophthora ramorum
Nursery_CA,1281744-1,Nursery_CA,Kamvar_et_al_2014,Phytophthora ramorum
Nursery_CA,1281744-3,Nursery_CA,Kamvar_et_al_2014,Phytophthora ramorum
Nursery_CA,1281744-5,Nursery_CA,Kamvar_et_al_2014,Phytophthora ramorum
Nursery_CA,1281744-6,Nursery_CA,Kamvar_et_al_2014,Phytophthora ramorum
Nursery_CA,1281744-7,Nursery_CA,Kamvar_et_al_2014,Phytophthora ramorum
Nursery_CA,1281744-9,Nursery_CA,Kamvar_et_al_2014,Phytophthora ramorum
Nursery_CA,1281744-10,Nursery_CA,Kamvar_et_al_2014,Phytophthora ramorum
Nursery_CA,1281744-15,Nursery_CA,Kamvar_et_al_2014,Phytophthora ramorum
Nursery_CA,1281744-16,Nursery_CA,Kamvar_et_al_2014,Phytophthora ramorum
Nursery_CA,1281744-21,Nursery_CA,Kamvar_et_al_2014,Phytophthora ramorum
Nursery_CA,1454527-12,Nursery_CA,Kamvar_et_al_2014,Phytophthora ramorum
Nursery_CA,1480844-4,Nursery_CA,Kamvar_et_al_2014,Phytophthora ramorum
Nursery_CA,1480844-5,Nursery_CA,Kamvar_et_al_2014,Phytophthora ramorum
Nursery_CA,1480844-8,Nursery_CA,Kamvar_et_al_2014,Phytophthora ramorum
Nursery_CA,1480844-10,Nursery_CA,Kamvar_et_al_2014,Phytophthora ramorum
Nursery_CA,1281744-4,Nursery_CA,Kamvar_et_al_2014,Phytophthora ramorum
Nursery_CA,1480841-6,Nursery_CA,Kamvar_et_al_2014,Phytophthora ramorum
Nursery_CA,1281789-1,Nursery_CA,Kamvar_et_al_2014,Phytophthora ramorum
Nursery_CA,1281789-2,Nursery_CA,Kamvar_et_al_2014,Phytophthora ramorum
Nursery_CA,1431833-31,Nursery_CA,Kamvar_et_al_2014,Phytophthora ramorum
Nursery_CA,1431833-32,Nursery_CA,Kamvar_et_al_2014,Phytophthora ramorum
Nursery_CA,1431833-39,Nursery_CA,Kamvar_et_al_2014,Phytophthora ramorum
Nursery_CA,1309305-21,Nursery_CA,Kamvar_et_al_2014,Phytophthora ramorum
Nursery_OR,118-28-B,Nursery_OR,Kamvar_et_al_2014,Phytophthora ramorum
Nursery_OR,118-28-E,Nursery_OR,Kamvar_et_al_2014,Phytophthora ramorum
Nursery_OR,134-19-E,Nursery_OR,Kamvar_et_al_2014,Phytophthora ramorum
Nursery_OR,134-20-E,Nursery_OR,Kamvar_et_al_2014,Phytophthora ramorum
Nursery_CA,Pr 519- LTR1.2,Nursery_CA,Kamvar_et_al_2014,Phytophthora ramorum
Nursery_CA,Pr 520- MCK1.1,Nursery_CA,Kamvar_et_al_2014,Phytophthora ramorum
Nursery_OR,09-133-4 ODA,Nursery_OR,Kamvar_et_al_2014,Phytophthora ramorum
Nursery_OR,SOD OR 10-59-3-A,Nursery_OR,Kamvar_et_al_2014,Phytophthora ramorum
Nursery_OR,SOD OR 10-59-3-D,Nursery_OR,Kamvar_et_al_2014,Phytophthora ramorum
Nursery_OR,SOD OR 10-59-3-E,Nursery_OR,Kamvar_et_al_2014,Phytophthora ramorum
Nursery_OR,SOD OR 10-59-3-F,Nursery_OR,Kamvar_et_al_2014,Phytophthora ramorum
Nursery_OR,SOD OR 10-59-3-H,Nursery_OR,Kamvar_et_al_2014,Phytophthora ramorum
Nursery_CA,Pr 731,Nursery_CA,Kamvar_et_al_2014,Phytophthora ramorum
Nursery_CA,Pr 732,Nursery_CA,Kamvar_et_al_2014,Phytophthora ramorum
Nursery_CA,Pr 733,Nursery_CA,Kamvar_et_al_2014,Phytophthora ramorum
Nursery_CA,Pr 734,Nursery_CA,Kamvar_et_al_2014,Phytophthora ramorum
Nursery_CA,Pr 735,Nursery_CA,Kamvar_et_al_2014,Phytophthora ramorum
Nursery_CA,1441558-37,Nursery_CA,Kamvar_et_al_2014,Phytophthora ramorum
Nursery_CA,1441558-39,Nursery_CA,Kamvar_et_al_2014,Phytophthora ramorum
Nursery_CA,1469925-55,Nursery_CA,Kamvar_et_al_2014,Phytophthora ramorum
Nursery_CA,1538371-8,Nursery_CA,Kamvar_et_al_2014,Phytophthora ramorum
Nursery_CA,1560692-17,Nursery_CA,Kamvar_et_al_2014,Phytophthora ramorum
Nursery_CA,1623730-36,Nursery_CA,Kamvar_et_al_2014,Phytophthora ramorum
Nursery_CA,1623827-6,Nursery_CA,Kamvar_et_al_2014,Phytophthora ramorum
Nursery_CA,1631078-10,Nursery_CA,Kamvar_et_al_2014,Phytophthora ramorum
Nursery_CA,1631078-12,Nursery_CA,Kamvar_et_al_2014,Phytophthora ramorum
Nursery_CA,#4177 Blomquist back up,Nursery_CA,Kamvar_et_al_2014,Phytophthora ramorum
Nursery_CA,1631081-1,Nursery_CA,Kamvar_et_al_2014,Phytophthora ramorum
Nursery_CA,1631081-2,Nursery_CA,Kamvar_et_al_2014,Phytophthora ramorum
Nursery_CA,1631081-3,Nursery_CA,Kamvar_et_al_2014,Phytophthora ramorum
Nursery_CA,1631081-15,Nursery_CA,Kamvar_et_al_2014,Phytophthora ramorum
Nursery_CA,1631081-17,Nursery_CA,Kamvar_et_al_2014,Phytophthora ramorum
Nursery_CA,1631081-22,Nursery_CA,Kamvar_et_al_2014,Phytophthora ramorum
Nursery_CA,1644850-1,Nursery_CA,Kamvar_et_al_2014,Phytophthora ramorum
Nursery_CA,1644850-2,Nursery_CA,Kamvar_et_al_2014,Phytophthora ramorum
Nursery_CA,1644850-4,Nursery_CA,Kamvar_et_al_2014,Phytophthora ramorum
Nursery_CA,1644850-5,Nursery_CA,Kamvar_et_al_2014,Phytophthora ramorum
Nursery_CA,1644850-6,Nursery_CA,Kamvar_et_al_2014,Phytophthora ramorum
Nursery_CA,1644850-7,Nursery_CA,Kamvar_et_al_2014,Phytophthora ramorum
Nursery_CA,1644850-8,Nursery_CA,Kamvar_et_al_2014,Phytophthora ramorum
Nursery_CA,1644856-18,Nursery_CA,Kamvar_et_al_2014,Phytophthora ramorum
Nursery_CA,1644856-35,Nursery_CA,Kamvar_et_al_2014,Phytophthora ramorum
Nursery_CA,1341878-7,Nursery_CA,Kamvar_et_al_2014,Phytophthora ramorum
Nursery_CA,1341878-49,Nursery_CA,Kamvar_et_al_2014,Phytophthora ramorum
Nursery_CA,1365048,Nursery_CA,Kamvar_et_al_2014,Phytophthora ramorum
Nursery_CA,1496607,Nursery_CA,Kamvar_et_al_2014,Phytophthora ramorum
Nursery_CA,1560191-36,Nursery_CA,Kamvar_et_al_2014,Phytophthora ramorum
Nursery_CA,1583329-B,Nursery_CA,Kamvar_et_al_2014,Phytophthora ramorum
Nursery_CA,1583329-C,Nursery_CA,Kamvar_et_al_2014,Phytophthora ramorum
Nursery_CA,1596853,Nursery_CA,Kamvar_et_al_2014,Phytophthora ramorum
Nursery_CA,1596854,Nursery_CA,Kamvar_et_al_2014,Phytophthora ramorum
Nursery_CA,1621925-9,Nursery_CA,Kamvar_et_al_2014,Phytophthora ramorum
Nursery_CA,1621925-11,Nursery_CA,Kamvar_et_al_2014,Phytophthora ramorum
Nursery_CA,1621926-8,Nursery_CA,Kamvar_et_al_2014,Phytophthora ramorum
Nursery_CA,1626660-3,Nursery_CA,Kamvar_et_al_2014,Phytophthora ramorum
Nursery_CA,1625769,Nursery_CA,Kamvar_et_al_2014,Phytophthora ramorum
Nursery_CA,1626651-10,Nursery_CA,Kamvar_et_al_2014,Phytophthora ramorum
Nursery_CA,1626656-1,Nursery_CA,Kamvar_et_al_2014,Phytophthora ramorum
Nursery_CA,1644994-2,Nursery_CA,Kamvar_et_al_2014,Phytophthora ramorum
Nursery_CA,PC#11-1366,Nursery_CA,Kamvar_et_al_2014,Phytophthora ramorum
Nursery_OR,ODA 81-8,Nursery_OR,Kamvar_et_al_2014,Phytophthora ramorum
Nursery_OR,ODA 81-9,Nursery_OR,Kamvar_et_al_2014,Phytophthora ramorum
Nursery_OR,ODA 81-37,Nursery_OR,Kamvar_et_al_2014,Phytophthora ramorum
Nursery_OR,ODA 114-6,Nursery_OR,Kamvar_et_al_2014,Phytophthora ramorum
Nursery_OR,120187,Nursery_OR,Kamvar_et_al_2014,Phytophthora ramorum
Nursery_CA,120189,Nursery_CA,Kamvar_et_al_2014,Phytophthora ramorum
Nursery_CA,120231,Nursery_CA,Kamvar_et_al_2014,Phytophthora ramorum
Nursery_CA,1404252-18,Nursery_CA,Kamvar_et_al_2014,Phytophthora ramorum
Nursery_CA,1497058-26,Nursery_CA,Kamvar_et_al_2014,Phytophthora ramorum
Nursery_CA,1644623-8,Nursery_CA,Kamvar_et_al_2014,Phytophthora ramorum
Nursery_CA,1644623-26,Nursery_CA,Kamvar_et_al_2014,Phytophthora ramorum
Nursery_CA,230P06005897-8,Nursery_CA,Kamvar_et_al_2014,Phytophthora ramorum
Nursery_CA,230P06005897-9,Nursery_CA,Kamvar_et_al_2014,Phytophthora ramorum
Nursery_CA,230P06005898-20,Nursery_CA,Kamvar_et_al_2014,Phytophthora ramorum
Nursery_CA,230P06005898-21,Nursery_CA,Kamvar_et_al_2014,Phytophthora ramorum
Nursery_OR,10998-V2,Nursery_OR,Kamvar_et_al_2014,Phytophthora ramorum
JHallCr,1004.1,JHallCr_OR,Kamvar_et_al_2014,Phytophthora ramorum
JHallCr,1008.1,JHallCr_OR,Kamvar_et_al_2014,Phytophthora ramorum
JHallCr,1019.1,JHallCr_OR,Kamvar_et_al_2014,Phytophthora ramorum
JHallCr,1021.1,JHallCr_OR,Kamvar_et_al_2014,Phytophthora ramorum
JHallCr,1030.1,JHallCr_OR,Kamvar_et_al_2014,Phytophthora ramorum
JHallCr,1031.1,JHallCr_OR,Kamvar_et_al_2014,Phytophthora ramorum
JHallCr,1032.1,JHallCr_OR,Kamvar_et_al_2014,Phytophthora ramorum
JHallCr,1033.1,JHallCr_OR,Kamvar_et_al_2014,Phytophthora ramorum
JHallCr,1041,JHallCr_OR,Kamvar_et_al_2014,Phytophthora ramorum
JHallCr,1044,JHallCr_OR,Kamvar_et_al_2014,Phytophthora ramorum
JHallCr,1055,JHallCr_OR,Kamvar_et_al_2014,Phytophthora ramorum
JHallCr,2029.1,JHallCr_OR,Kamvar_et_al_2014,Phytophthora ramorum
JHallCr,2043.1,JHallCr_OR,Kamvar_et_al_2014,Phytophthora ramorum
JHallCr,2091.1,JHallCr_OR,Kamvar_et_al_2014,Phytophthora ramorum
JHallCr,2092,JHallCr_OR,Kamvar_et_al_2014,Phytophthora ramorum
JHallCr,2096,JHallCr_OR,Kamvar_et_al_2014,Phytophthora ramorum
JHallCr,2099.1,JHallCr_OR,Kamvar_et_al_2014,Phytophthora ramorum
JHallCr,2108.1,JHallCr_OR,Kamvar_et_al_2014,Phytophthora ramorum
JHallCr,2108.2,JHallCr_OR,Kamvar_et_al_2014,Phytophthora ramorum
JHallCr,2110.4,JHallCr_OR,Kamvar_et_al_2014,Phytophthora ramorum
JHallCr,4088.1,JHallCr_OR,Kamvar_et_al_2014,Phytophthora ramorum
JHallCr,4089.1,JHallCr_OR,Kamvar_et_al_2014,Phytophthora ramorum
JHallCr,4120,JHallCr_OR,Kamvar_et_al_2014,Phytophthora ramorum
JHallCr,4122.4,JHallCr_OR,Kamvar_et_al_2014,Phytophthora ramorum
JHallCr,4131,JHallCr_OR,Kamvar_et_al_2014,Phytophthora ramorum
JHallCr,4143.1,JHallCr_OR,Kamvar_et_al_2014,Phytophthora ramorum
JHallCr,4144.1,JHallCr_OR,Kamvar_et_al_2014,Phytophthora ramorum
JHallCr,4146.1,JHallCr_OR,Kamvar_et_al_2014,Phytophthora ramorum
JHallCr,4154,JHallCr_OR,Kamvar_et_al_2014,Phytophthora ramorum
JHallCr,4158.2,JHallCr_OR,Kamvar_et_al_2014,Phytophthora ramorum
JHallCr,4167.1,JHallCr_OR,Kamvar_et_al_2014,Phytophthora ramorum
JHallCr,4168.2,JHallCr_OR,Kamvar_et_al_2014,Phytophthora ramorum
JHallCr,4169.1,JHallCr_OR,Kamvar_et_al_2014,Phytophthora ramorum
JHallCr,4172.2,JHallCr_OR,Kamvar_et_al_2014,Phytophthora ramorum
JHallCr,4173.2,JHallCr_OR,Kamvar_et_al_2014,Phytophthora ramorum
JHallCr,5013.1,JHallCr_OR,Kamvar_et_al_2014,Phytophthora ramorum
JHallCr,5019,JHallCr_OR,Kamvar_et_al_2014,Phytophthora ramorum
JHallCr,1020.1,JHallCr_OR,Kamvar_et_al_2014,Phytophthora ramorum
JHallCr,2018.1,JHallCr_OR,Kamvar_et_al_2014,Phytophthora ramorum
JHallCr,2148.1,JHallCr_OR,Kamvar_et_al_2014,Phytophthora ramorum
JHallCr,2153.3,JHallCr_OR,Kamvar_et_al_2014,Phytophthora ramorum
JHallCr,2157.3,JHallCr_OR,Kamvar_et_al_2014,Phytophthora ramorum
JHallCr,2176,JHallCr_OR,Kamvar_et_al_2014,Phytophthora ramorum
JHallCr,2178,JHallCr_OR,Kamvar_et_al_2014,Phytophthora ramorum
JHallCr,2179,JHallCr_OR,Kamvar_et_al_2014,Phytophthora ramorum
JHallCr,2180,JHallCr_OR,Kamvar_et_al_2014,Phytophthora ramorum
JHallCr,2181,JHallCr_OR,Kamvar_et_al_2014,Phytophthora ramorum
JHallCr,2183,JHallCr_OR,Kamvar_et_al_2014,Phytophthora ramorum
JHallCr,2184,JHallCr_OR,Kamvar_et_al_2014,Phytophthora ramorum
JHallCr,2190,JHallCr_OR,Kamvar_et_al_2014,Phytophthora ramorum
JHallCr,2192,JHallCr_OR,Kamvar_et_al_2014,Phytophthora ramorum
JHallCr,2193,JHallCr_OR,Kamvar_et_al_2014,Phytophthora ramorum
JHallCr,2194,JHallCr_OR,Kamvar_et_al_2014,Phytophthora ramorum
JHallCr,2195,JHallCr_OR,Kamvar_et_al_2014,Phytophthora ramorum
JHallCr,2206,JHallCr_OR,Kamvar_et_al_2014,Phytophthora ramorum
JHallCr,2220,JHallCr_OR,Kamvar_et_al_2014,Phytophthora ramorum
JHallCr,4215,JHallCr_OR,Kamvar_et_al_2014,Phytophthora ramorum
JHallCr,4242,JHallCr_OR,Kamvar_et_al_2014,Phytophthora ramorum
JHallCr,4251.1,JHallCr_OR,Kamvar_et_al_2014,Phytophthora ramorum
JHallCr,4252.1,JHallCr_OR,Kamvar_et_al_2014,Phytophthora ramorum
JHallCr,4280,JHallCr_OR,Kamvar_et_al_2014,Phytophthora ramorum
JHallCr,4297,JHallCr_OR,Kamvar_et_al_2014,Phytophthora ramorum
JHallCr,4301.1,JHallCr_OR,Kamvar_et_al_2014,Phytophthora ramorum
JHallCr,4318.1,JHallCr_OR,Kamvar_et_al_2014,Phytophthora ramorum
JHallCr,4320.1,JHallCr_OR,Kamvar_et_al_2014,Phytophthora ramorum
JHallCr,5410,JHallCr_OR,Kamvar_et_al_2014,Phytophthora ramorum
JHallCr,5448.1,JHallCr_OR,Kamvar_et_al_2014,Phytophthora ramorum
JHallCr,5449.1,JHallCr_OR,Kamvar_et_al_2014,Phytophthora ramorum
JHallCr,5450,JHallCr_OR,Kamvar_et_al_2014,Phytophthora ramorum
JHallCr,5451,JHallCr_OR,Kamvar_et_al_2014,Phytophthora ramorum
JHallCr,5464,JHallCr_OR,Kamvar_et_al_2014,Phytophthora ramorum
JHallCr,5467,JHallCr_OR,Kamvar_et_al_2014,Phytophthora ramorum
JHallCr,WA12-101402,JHallCr_OR,Kamvar_et_al_2014,Phytophthora ramorum
JHallCr,WA9-111302,JHallCr_OR,Kamvar_et_al_2014,Phytophthora ramorum
JHallCr,2027,JHallCr_OR,Kamvar_et_al_2014,Phytophthora ramorum
JHallCr,1105,JHallCr_OR,Kamvar_et_al_2014,Phytophthora ramorum
JHallCr,2222,JHallCr_OR,Kamvar_et_al_2014,Phytophthora ramorum
JHallCr,2234.1,JHallCr_OR,Kamvar_et_al_2014,Phytophthora ramorum
JHallCr,2234.2,JHallCr_OR,Kamvar_et_al_2014,Phytophthora ramorum
JHallCr,2235.1,JHallCr_OR,Kamvar_et_al_2014,Phytophthora ramorum
JHallCr,2235.2,JHallCr_OR,Kamvar_et_al_2014,Phytophthora ramorum
JHallCr,2236,JHallCr_OR,Kamvar_et_al_2014,Phytophthora ramorum
JHallCr,2236.10,JHallCr_OR,Kamvar_et_al_2014,Phytophthora ramorum
JHallCr,2236.6,JHallCr_OR,Kamvar_et_al_2014,Phytophthora ramorum
JHallCr,2236.7,JHallCr_OR,Kamvar_et_al_2014,Phytophthora ramorum
JHallCr,2243.1,JHallCr_OR,Kamvar_et_al_2014,Phytophthora ramorum
JHallCr,2243.3,JHallCr_OR,Kamvar_et_al_2014,Phytophthora ramorum
JHallCr,2243.5,JHallCr_OR,Kamvar_et_al_2014,Phytophthora ramorum
JHallCr,2243.6,JHallCr_OR,Kamvar_et_al_2014,Phytophthora ramorum
JHallCr,2243.8,JHallCr_OR,Kamvar_et_al_2014,Phytophthora ramorum
JHallCr,2271,JHallCr_OR,Kamvar_et_al_2014,Phytophthora ramorum
JHallCr,2274,JHallCr_OR,Kamvar_et_al_2014,Phytophthora ramorum
JHallCr,2295,JHallCr_OR,Kamvar_et_al_2014,Phytophthora ramorum
JHallCr,2336.1,JHallCr_OR,Kamvar_et_al_2014,Phytophthora ramorum
JHallCr,2336.2,JHallCr_OR,Kamvar_et_al_2014,Phytophthora ramorum
JHallCr,2336.3,JHallCr_OR,Kamvar_et_al_2014,Phytophthora ramorum
JHallCr,2336.4,JHallCr_OR,Kamvar_et_al_2014,Phytophthora ramorum
JHallCr,2336.5,JHallCr_OR,Kamvar_et_al_2014,Phytophthora ramorum
JHallCr,2340,JHallCr_OR,Kamvar_et_al_2014,Phytophthora ramorum
JHallCr,2344,JHallCr_OR,Kamvar_et_al_2014,Phytophthora ramorum
JHallCr,2402,JHallCr_OR,Kamvar_et_al_2014,Phytophthora ramorum
JHallCr,2404.1,JHallCr_OR,Kamvar_et_al_2014,Phytophthora ramorum
JHallCr,2424,JHallCr_OR,Kamvar_et_al_2014,Phytophthora ramorum
NFChetHigh,2542,NFChetHigh_OR,Kamvar_et_al_2014,Phytophthora ramorum
JHallCr,2552,JHallCr_OR,Kamvar_et_al_2014,Phytophthora ramorum
JHallCr,2554.4,JHallCr_OR,Kamvar_et_al_2014,Phytophthora ramorum
JHallCr,2554.5,JHallCr_OR,Kamvar_et_al_2014,Phytophthora ramorum
JHallCr,2572,JHallCr_OR,Kamvar_et_al_2014,Phytophthora ramorum
JHallCr,2598,JHallCr_OR,Kamvar_et_al_2014,Phytophthora ramorum
JHallCr,2611.1,JHallCr_OR,Kamvar_et_al_2014,Phytophthora ramorum
JHallCr,2611.2,JHallCr_OR,Kamvar_et_al_2014,Phytophthora ramorum
JHallCr,2611.3,JHallCr_OR,Kamvar_et_al_2014,Phytophthora ramorum
JHallCr,2615,JHallCr_OR,Kamvar_et_al_2014,Phytophthora ramorum
JHallCr,2617.1,JHallCr_OR,Kamvar_et_al_2014,Phytophthora ramorum
JHallCr,2617.2,JHallCr_OR,Kamvar_et_al_2014,Phytophthora ramorum
JHallCr,2617.3,JHallCr_OR,Kamvar_et_al_2014,Phytophthora ramorum
JHallCr,2622.1,JHallCr_OR,Kamvar_et_al_2014,Phytophthora ramorum
JHallCr,2622.2,JHallCr_OR,Kamvar_et_al_2014,Phytophthora ramorum
JHallCr,2622.3,JHallCr_OR,Kamvar_et_al_2014,Phytophthora ramorum
JHallCr,2624,JHallCr_OR,Kamvar_et_al_2014,Phytophthora ramorum
JHallCr,2628,JHallCr_OR,Kamvar_et_al_2014,Phytophthora ramorum
JHallCr,2631,JHallCr_OR,Kamvar_et_al_2014,Phytophthora ramorum
JHallCr,2634,JHallCr_OR,Kamvar_et_al_2014,Phytophthora ramorum
JHallCr,2641.1,JHallCr_OR,Kamvar_et_al_2014,Phytophthora ramorum
JHallCr,2641.2,JHallCr_OR,Kamvar_et_al_2014,Phytophthora ramorum
JHallCr,2642,JHallCr_OR,Kamvar_et_al_2014,Phytophthora ramorum
JHallCr,2643,JHallCr_OR,Kamvar_et_al_2014,Phytophthora ramorum
JHallCr,2644,JHallCr_OR,Kamvar_et_al_2014,Phytophthora ramorum
JHallCr,2644.1,JHallCr_OR,Kamvar_et_al_2014,Phytophthora ramorum
JHallCr,2644.2,JHallCr_OR,Kamvar_et_al_2014,Phytophthora ramorum
JHallCr,2644.3,JHallCr_OR,Kamvar_et_al_2014,Phytophthora ramorum
JHallCr,2647,JHallCr_OR,Kamvar_et_al_2014,Phytophthora ramorum
JHallCr,2647.1,JHallCr_OR,Kamvar_et_al_2014,Phytophthora ramorum
JHallCr,2647.2,JHallCr_OR,Kamvar_et_al_2014,Phytophthora ramorum
JHallCr,2648,JHallCr_OR,Kamvar_et_al_2014,Phytophthora ramorum
JHallCr,2649,JHallCr_OR,Kamvar_et_al_2014,Phytophthora ramorum
JHallCr,2649.1,JHallCr_OR,Kamvar_et_al_2014,Phytophthora ramorum
JHallCr,4239,JHallCr_OR,Kamvar_et_al_2014,Phytophthora ramorum
JHallCr,4240,JHallCr_OR,Kamvar_et_al_2014,Phytophthora ramorum
JHallCr,4347,JHallCr_OR,Kamvar_et_al_2014,Phytophthora ramorum
JHallCr,4349,JHallCr_OR,Kamvar_et_al_2014,Phytophthora ramorum
JHallCr,4351,JHallCr_OR,Kamvar_et_al_2014,Phytophthora ramorum
JHallCr,4352,JHallCr_OR,Kamvar_et_al_2014,Phytophthora ramorum
JHallCr,4353,JHallCr_OR,Kamvar_et_al_2014,Phytophthora ramorum
JHallCr,4354,JHallCr_OR,Kamvar_et_al_2014,Phytophthora ramorum
JHallCr,4355,JHallCr_OR,Kamvar_et_al_2014,Phytophthora ramorum
JHallCr,4358,JHallCr_OR,Kamvar_et_al_2014,Phytophthora ramorum
JHallCr,4359,JHallCr_OR,Kamvar_et_al_2014,Phytophthora ramorum
JHallCr,4361,JHallCr_OR,Kamvar_et_al_2014,Phytophthora ramorum
JHallCr,4362,JHallCr_OR,Kamvar_et_al_2014,Phytophthora ramorum
JHallCr,4364,JHallCr_OR,Kamvar_et_al_2014,Phytophthora ramorum
JHallCr,4367,JHallCr_OR,Kamvar_et_al_2014,Phytophthora ramorum
JHallCr,4375,JHallCr_OR,Kamvar_et_al_2014,Phytophthora ramorum
JHallCr,4377,JHallCr_OR,Kamvar_et_al_2014,Phytophthora ramorum
JHallCr,4378,JHallCr_OR,Kamvar_et_al_2014,Phytophthora ramorum
JHallCr,4379,JHallCr_OR,Kamvar_et_al_2014,Phytophthora ramorum
JHallCr,4380,JHallCr_OR,Kamvar_et_al_2014,Phytophthora ramorum
JHallCr,4382,JHallCr_OR,Kamvar_et_al_2014,Phytophthora ramorum
JHallCr,4383,JHallCr_OR,Kamvar_et_al_2014,Phytophthora ramorum
JHallCr,4396,JHallCr_OR,Kamvar_et_al_2014,Phytophthora ramorum
JHallCr,4400.1,JHallCr_OR,Kamvar_et_al_2014,Phytophthora ramorum
JHallCr,WA12-030403,JHallCr_OR,Kamvar_et_al_2014,Phytophthora ramorum
JHallCr,WA12-1-101403,JHallCr_OR,Kamvar_et_al_2014,Phytophthora ramorum
JHallCr,WA12-1-111003,JHallCr_OR,Kamvar_et_al_2014,Phytophthora ramorum
JHallCr,WA12-112403,JHallCr_OR,Kamvar_et_al_2014,Phytophthora ramorum
JHallCr,WA12-2-031803,JHallCr_OR,Kamvar_et_al_2014,Phytophthora ramorum
JHallCr,WA12-2-111003,JHallCr_OR,Kamvar_et_al_2014,Phytophthora ramorum
JHallCr,WA12-3-091603,JHallCr_OR,Kamvar_et_al_2014,Phytophthora ramorum
JHallCr,WA12-3-111003,JHallCr_OR,Kamvar_et_al_2014,Phytophthora ramorum
JHallCr,WA12-4-081803,JHallCr_OR,Kamvar_et_al_2014,Phytophthora ramorum
JHallCr,WA15-1-031803,JHallCr_OR,Kamvar_et_al_2014,Phytophthora ramorum
JHallCr,WA15-3-080403,JHallCr_OR,Kamvar_et_al_2014,Phytophthora ramorum
JHallCr,WA1-7-031803,JHallCr_OR,Kamvar_et_al_2014,Phytophthora ramorum
JHallCr,WA4-4-031803,JHallCr_OR,Kamvar_et_al_2014,Phytophthora ramorum
JHallCr,WA9.1-030403,JHallCr_OR,Kamvar_et_al_2014,Phytophthora ramorum
JHallCr,WA9-081803 = 1712,JHallCr_OR,Kamvar_et_al_2014,Phytophthora ramorum
JHallCr,2234,JHallCr_OR,Kamvar_et_al_2014,Phytophthora ramorum
JHallCr,2222.12,JHallCr_OR,Kamvar_et_al_2014,Phytophthora ramorum
JHallCr,2294,JHallCr_OR,Kamvar_et_al_2014,Phytophthora ramorum
JHallCr,2452,JHallCr_OR,Kamvar_et_al_2014,Phytophthora ramorum
JHallCr,2486,JHallCr_OR,Kamvar_et_al_2014,Phytophthora ramorum
JHallCr,2561,JHallCr_OR,Kamvar_et_al_2014,Phytophthora ramorum
JHallCr,2562,JHallCr_OR,Kamvar_et_al_2014,Phytophthora ramorum
JHallCr,2595,JHallCr_OR,Kamvar_et_al_2014,Phytophthora ramorum
JHallCr,2849,JHallCr_OR,Kamvar_et_al_2014,Phytophthora ramorum
JHallCr,2850,JHallCr_OR,Kamvar_et_al_2014,Phytophthora ramorum
JHallCr,2851,JHallCr_OR,Kamvar_et_al_2014,Phytophthora ramorum
JHallCr,2965.2,JHallCr_OR,Kamvar_et_al_2014,Phytophthora ramorum
JHallCr,2976,JHallCr_OR,Kamvar_et_al_2014,Phytophthora ramorum
JHallCr,2985,JHallCr_OR,Kamvar_et_al_2014,Phytophthora ramorum
JHallCr,2987,JHallCr_OR,Kamvar_et_al_2014,Phytophthora ramorum
JHallCr,2988,JHallCr_OR,Kamvar_et_al_2014,Phytophthora ramorum
JHallCr,4542,JHallCr_OR,Kamvar_et_al_2014,Phytophthora ramorum
JHallCr,9004,JHallCr_OR,Kamvar_et_al_2014,Phytophthora ramorum
JHallCr,9013,JHallCr_OR,Kamvar_et_al_2014,Phytophthora ramorum
JHallCr,9022,JHallCr_OR,Kamvar_et_al_2014,Phytophthora ramorum
JHallCr,9023,JHallCr_OR,Kamvar_et_al_2014,Phytophthora ramorum
JHallCr,9032,JHallCr_OR,Kamvar_et_al_2014,Phytophthora ramorum
JHallCr,9034,JHallCr_OR,Kamvar_et_al_2014,Phytophthora ramorum
JHallCr,9038,JHallCr_OR,Kamvar_et_al_2014,Phytophthora ramorum
JHallCr,WA1.2BA15-030104,JHallCr_OR,Kamvar_et_al_2014,Phytophthora ramorum
JHallCr,WA1-011304,JHallCr_OR,Kamvar_et_al_2014,Phytophthora ramorum
JHallCr,WA1-032204,JHallCr_OR,Kamvar_et_al_2014,Phytophthora ramorum
JHallCr,WA12-011304,JHallCr_OR,Kamvar_et_al_2014,Phytophthora ramorum
JHallCr,WA12-012604,JHallCr_OR,Kamvar_et_al_2014,Phytophthora ramorum
JHallCr,WA12-040504,JHallCr_OR,Kamvar_et_al_2014,Phytophthora ramorum
JHallCr,WA12-051704,JHallCr_OR,Kamvar_et_al_2014,Phytophthora ramorum
JHallCr,WA12-2-032204,JHallCr_OR,Kamvar_et_al_2014,Phytophthora ramorum
JHallCr,WA16-011304,JHallCr_OR,Kamvar_et_al_2014,Phytophthora ramorum
JHallCr,WA27-040504,JHallCr_OR,Kamvar_et_al_2014,Phytophthora ramorum
JHallCr,WA27-071904,JHallCr_OR,Kamvar_et_al_2014,Phytophthora ramorum
JHallCr,WA9-020904,JHallCr_OR,Kamvar_et_al_2014,Phytophthora ramorum
JHallCr,4384,JHallCr_OR,Kamvar_et_al_2014,Phytophthora ramorum
JHallCr,WA27-040205,JHallCr_OR,Kamvar_et_al_2014,Phytophthora ramorum
Coast,9488,Coast_OR,Kamvar_et_al_2014,Phytophthora ramorum
Coast,11075,Coast_OR,Kamvar_et_al_2014,Phytophthora ramorum
HunterCr,10490.1,HunterCr_OR,Kamvar_et_al_2014,Phytophthora ramorum
HunterCr,10490.2,HunterCr_OR,Kamvar_et_al_2014,Phytophthora ramorum
HunterCr,10490.3,HunterCr_OR,Kamvar_et_al_2014,Phytophthora ramorum
HunterCr,10490.4,HunterCr_OR,Kamvar_et_al_2014,Phytophthora ramorum
HunterCr,10491.1,HunterCr_OR,Kamvar_et_al_2014,Phytophthora ramorum
HunterCr,10491.2,HunterCr_OR,Kamvar_et_al_2014,Phytophthora ramorum
HunterCr,10491.3,HunterCr_OR,Kamvar_et_al_2014,Phytophthora ramorum
HunterCr,10492.1,HunterCr_OR,Kamvar_et_al_2014,Phytophthora ramorum
HunterCr,10492.2,HunterCr_OR,Kamvar_et_al_2014,Phytophthora ramorum
HunterCr,10492.3,HunterCr_OR,Kamvar_et_al_2014,Phytophthora ramorum
HunterCr,10492.4,HunterCr_OR,Kamvar_et_al_2014,Phytophthora ramorum
HunterCr,10492.5,HunterCr_OR,Kamvar_et_al_2014,Phytophthora ramorum
HunterCr,10492.6,HunterCr_OR,Kamvar_et_al_2014,Phytophthora ramorum
HunterCr,10493,HunterCr_OR,Kamvar_et_al_2014,Phytophthora ramorum
HunterCr,10496.1,HunterCr_OR,Kamvar_et_al_2014,Phytophthora ramorum
HunterCr,10496.2,HunterCr_OR,Kamvar_et_al_2014,Phytophthora ramorum
HunterCr,10496.3,HunterCr_OR,Kamvar_et_al_2014,Phytophthora ramorum
HunterCr,10497.1,HunterCr_OR,Kamvar_et_al_2014,Phytophthora ramorum
HunterCr,10497.2,HunterCr_OR,Kamvar_et_al_2014,Phytophthora ramorum
HunterCr,10497.3,HunterCr_OR,Kamvar_et_al_2014,Phytophthora ramorum
HunterCr,11745.1,HunterCr_OR,Kamvar_et_al_2014,Phytophthora ramorum
HunterCr,11745.2,HunterCr_OR,Kamvar_et_al_2014,Phytophthora ramorum
HunterCr,11745.3,HunterCr_OR,Kamvar_et_al_2014,Phytophthora ramorum
HunterCr,11761.1,HunterCr_OR,Kamvar_et_al_2014,Phytophthora ramorum
HunterCr,11761.2,HunterCr_OR,Kamvar_et_al_2014,Phytophthora ramorum
HunterCr,11761.3,HunterCr_OR,Kamvar_et_al_2014,Phytophthora ramorum
HunterCr,11761.4,HunterCr_OR,Kamvar_et_al_2014,Phytophthora ramorum
HunterCr,11761.5,HunterCr_OR,Kamvar_et_al_2014,Phytophthora ramorum
HunterCr,11762.1,HunterCr_OR,Kamvar_et_al_2014,Phytophthora ramorum
HunterCr,11762.2,HunterCr_OR,Kamvar_et_al_2014,Phytophthora ramorum
HunterCr,11762.3,HunterCr_OR,Kamvar_et_al_2014,Phytophthora ramorum
HunterCr,11803.1,HunterCr_OR,Kamvar_et_al_2014,Phytophthora ramorum
HunterCr,11803.2,HunterCr_OR,Kamvar_et_al_2014,Phytophthora ramorum
HunterCr,11803.3,HunterCr_OR,Kamvar_et_al_2014,Phytophthora ramorum
HunterCr,11805.1,HunterCr_OR,Kamvar_et_al_2014,Phytophthora ramorum
HunterCr,11805.2,HunterCr_OR,Kamvar_et_al_2014,Phytophthora ramorum
HunterCr,11805.3,HunterCr_OR,Kamvar_et_al_2014,Phytophthora ramorum
HunterCr,11806,HunterCr_OR,Kamvar_et_al_2014,Phytophthora ramorum
HunterCr,11807.1,HunterCr_OR,Kamvar_et_al_2014,Phytophthora ramorum
HunterCr,11807.2,HunterCr_OR,Kamvar_et_al_2014,Phytophthora ramorum
HunterCr,11807.3,HunterCr_OR,Kamvar_et_al_2014,Phytophthora ramorum
HunterCr,11808.1,HunterCr_OR,Kamvar_et_al_2014,Phytophthora ramorum
HunterCr,11808.2,HunterCr_OR,Kamvar_et_al_2014,Phytophthora ramorum
HunterCr,11808.3,HunterCr_OR,Kamvar_et_al_2014,Phytophthora ramorum
HunterCr,11810.1,HunterCr_OR,Kamvar_et_al_2014,Phytophthora ramorum
HunterCr,11810.2,HunterCr_OR,Kamvar_et_al_2014,Phytophthora ramorum
HunterCr,11810.3,HunterCr_OR,Kamvar_et_al_2014,Phytophthora ramorum
HunterCr,11812.1,HunterCr_OR,Kamvar_et_al_2014,Phytophthora ramorum
HunterCr,11812.2,HunterCr_OR,Kamvar_et_al_2014,Phytophthora ramorum
HunterCr,11812.3,HunterCr_OR,Kamvar_et_al_2014,Phytophthora ramorum
HunterCr,11819.1,HunterCr_OR,Kamvar_et_al_2014,Phytophthora ramorum
HunterCr,11819.2,HunterCr_OR,Kamvar_et_al_2014,Phytophthora ramorum
HunterCr,11819.3,HunterCr_OR,Kamvar_et_al_2014,Phytophthora ramorum
HunterCr,11819.4,HunterCr_OR,Kamvar_et_al_2014,Phytophthora ramorum
HunterCr,11819.5,HunterCr_OR,Kamvar_et_al_2014,Phytophthora ramorum
HunterCr,11819.6,HunterCr_OR,Kamvar_et_al_2014,Phytophthora ramorum
HunterCr,11855.1,HunterCr_OR,Kamvar_et_al_2014,Phytophthora ramorum
HunterCr,11855.2,HunterCr_OR,Kamvar_et_al_2014,Phytophthora ramorum
HunterCr,11913.1,HunterCr_OR,Kamvar_et_al_2014,Phytophthora ramorum
HunterCr,11913.2,HunterCr_OR,Kamvar_et_al_2014,Phytophthora ramorum
HunterCr,11913.3,HunterCr_OR,Kamvar_et_al_2014,Phytophthora ramorum
HunterCr,11914.1,HunterCr_OR,Kamvar_et_al_2014,Phytophthora ramorum
HunterCr,11914.2,HunterCr_OR,Kamvar_et_al_2014,Phytophthora ramorum
HunterCr,11914.3,HunterCr_OR,Kamvar_et_al_2014,Phytophthora ramorum
Coast,11349,Coast_OR,Kamvar_et_al_2014,Phytophthora ramorum
Coast,11372,Coast_OR,Kamvar_et_al_2014,Phytophthora ramorum
HunterCr,11798x7535,HunterCr_OR,Kamvar_et_al_2014,Phytophthora ramorum
HunterCr,11799x7517,HunterCr_OR,Kamvar_et_al_2014,Phytophthora ramorum
NFChetHigh,10794-V5,NFChetHigh_OR,Kamvar_et_al_2014,Phytophthora ramorum
Coast,11466-V2,Coast_OR,Kamvar_et_al_2014,Phytophthora ramorum
Coast,11466-V5,Coast_OR,Kamvar_et_al_2014,Phytophthora ramorum
NFChetHigh,11540-V3,NFChetHigh_OR,Kamvar_et_al_2014,Phytophthora ramorum
Winchuck,11160,Winchuck_OR,Kamvar_et_al_2014,Phytophthora ramorum
Winchuck,11955,Winchuck_OR,Kamvar_et_al_2014,Phytophthora ramorum
Winchuck,13150,Winchuck_OR,Kamvar_et_al_2014,Phytophthora ramorum
NFChetHigh,13153.1,NFChetHigh_OR,Kamvar_et_al_2014,Phytophthora ramorum
NFChetHigh,13153.2,NFChetHigh_OR,Kamvar_et_al_2014,Phytophthora ramorum
Winchuck,13155,Winchuck_OR,Kamvar_et_al_2014,Phytophthora ramorum
Winchuck,13184,Winchuck_OR,Kamvar_et_al_2014,Phytophthora ramorum
Winchuck,13185,Winchuck_OR,Kamvar_et_al_2014,Phytophthora ramorum
Winchuck,13205,Winchuck_OR,Kamvar_et_al_2014,Phytophthora ramorum
Winchuck,13206,Winchuck_OR,Kamvar_et_al_2014,Phytophthora ramorum
Winchuck,13207,Winchuck_OR,Kamvar_et_al_2014,Phytophthora ramorum
Winchuck,13228,Winchuck_OR,Kamvar_et_al_2014,Phytophthora ramorum
Winchuck,13154,Winchuck_OR,Kamvar_et_al_2014,Phytophthora ramorum
Winchuck,11956,Winchuck_OR,Kamvar_et_al_2014,Phytophthora ramorum
Winchuck,13226,Winchuck_OR,Kamvar_et_al_2014,Phytophthora ramorum
Winchuck,13227,Winchuck_OR,Kamvar_et_al_2014,Phytophthora ramorum
JHallCr,2043_1,JHallCr_OR,Kamvar_et_al_2014,Phytophthora ramorum
JHallCr,2138_1,JHallCr_OR,Kamvar_et_al_2014,Phytophthora ramorum
JHallCr,2157_3,JHallCr_OR,Kamvar_et_al_2014,Phytophthora ramorum
NFChetHigh,11001,NFChetHigh_OR,Kamvar_et_al_2014,Phytophthora ramorum
NFChetHigh,13592,NFChetHigh_OR,Kamvar_et_al_2014,Phytophthora ramorum
JHallCr,WA12S-091713,JHallCr_OR,Kamvar_et_al_2014,Phytophthora ramorum
ChetcoMain,13746-9105,ChetcoMain_OR,Kamvar_et_al_2014,Phytophthora ramorum
JHallCr,13766-9120,JHallCr_OR,Kamvar_et_al_2014,Phytophthora ramorum
JHallCr,13767-9121,JHallCr_OR,Kamvar_et_al_2014,Phytophthora ramorum
JHallCr,13773-9138,JHallCr_OR,Kamvar_et_al_2014,Phytophthora ramorum
JHallCr,13774-9174,JHallCr_OR,Kamvar_et_al_2014,Phytophthora ramorum
JHallCr,13778-9175,JHallCr_OR,Kamvar_et_al_2014,Phytophthora ramorum
JHallCr,13780-9139,JHallCr_OR,Kamvar_et_al_2014,Phytophthora ramorum
JHallCr,13781-9123,JHallCr_OR,Kamvar_et_al_2014,Phytophthora ramorum
JHallCr,13782-9140,JHallCr_OR,Kamvar_et_al_2014,Phytophthora ramorum
NFChetHigh,13785-9142,NFChetHigh_OR,Kamvar_et_al_2014,Phytophthora ramorum
NFChetHigh,13786-9143,NFChetHigh_OR,Kamvar_et_al_2014,Phytophthora ramorum
NFChetHigh,13787-9144,NFChetHigh_OR,Kamvar_et_al_2014,Phytophthora ramorum
NFChetHigh,13788-9145,NFChetHigh_OR,Kamvar_et_al_2014,Phytophthora ramorum
NFChetHigh,13789-9146,NFChetHigh_OR,Kamvar_et_al_2014,Phytophthora ramorum
NFChetHigh,13790-9147,NFChetHigh_OR,Kamvar_et_al_2014,Phytophthora ramorum
NFChetHigh,13835,NFChetHigh_OR,Kamvar_et_al_2014,Phytophthora ramorum
NFChetHigh,13844-9176,NFChetHigh_OR,Kamvar_et_al_2014,Phytophthora ramorum
NFChetHigh,13845-9124,NFChetHigh_OR,Kamvar_et_al_2014,Phytophthora ramorum
NFChetHigh,13846-9108,NFChetHigh_OR,Kamvar_et_al_2014,Phytophthora ramorum
NFChetHigh,13847-9109,NFChetHigh_OR,Kamvar_et_al_2014,Phytophthora ramorum
Winchuck,13849-9110,Winchuck_OR,Kamvar_et_al_2014,Phytophthora ramorum
PistolRSF,13850-9111,PistolRSF_OR,Kamvar_et_al_2014,Phytophthora ramorum
Winchuck,13859-9112,Winchuck_OR,Kamvar_et_al_2014,Phytophthora ramorum
Winchuck,13860-9148,Winchuck_OR,Kamvar_et_al_2014,Phytophthora ramorum
Winchuck,13861-9113,Winchuck_OR,Kamvar_et_al_2014,Phytophthora ramorum
Winchuck,13862-9114,Winchuck_OR,Kamvar_et_al_2014,Phytophthora ramorum
Winchuck,13863-9115,Winchuck_OR,Kamvar_et_al_2014,Phytophthora ramorum
Winchuck,13867-9117,Winchuck_OR,Kamvar_et_al_2014,Phytophthora ramorum
JHallCr,13870-9149,JHallCr_OR,Kamvar_et_al_2014,Phytophthora ramorum
JHallCr,13875-9132,JHallCr_OR,Kamvar_et_al_2014,Phytophthora ramorum
NFChetHigh,13878-9151,NFChetHigh_OR,Kamvar_et_al_2014,Phytophthora ramorum
NFChetHigh,13879-9152,NFChetHigh_OR,Kamvar_et_al_2014,Phytophthora ramorum
NFChetHigh,13881-9153,NFChetHigh_OR,Kamvar_et_al_2014,Phytophthora ramorum
NFChetHigh,13883-9133,NFChetHigh_OR,Kamvar_et_al_2014,Phytophthora ramorum
NFChetHigh,13885-9177,NFChetHigh_OR,Kamvar_et_al_2014,Phytophthora ramorum
NFChetHigh,13886-9154,NFChetHigh_OR,Kamvar_et_al_2014,Phytophthora ramorum
NFChetHigh,13887-9202,NFChetHigh_OR,Kamvar_et_al_2014,Phytophthora ramorum
JHallCr,13888,JHallCr_OR,Kamvar_et_al_2014,Phytophthora ramorum
JHallCr,13889-9161,JHallCr_OR,Kamvar_et_al_2014,Phytophthora ramorum
NFChetHigh,13891-9162,NFChetHigh_OR,Kamvar_et_al_2014,Phytophthora ramorum
NFChetHigh,13893-9178,NFChetHigh_OR,Kamvar_et_al_2014,Phytophthora ramorum
NFChetHigh,13895-9155,NFChetHigh_OR,Kamvar_et_al_2014,Phytophthora ramorum
NFChetHigh,13900-9156,NFChetHigh_OR,Kamvar_et_al_2014,Phytophthora ramorum
Coast,13902-9157,Coast_OR,Kamvar_et_al_2014,Phytophthora ramorum
JHallCr,13903-9179,JHallCr_OR,Kamvar_et_al_2014,Phytophthora ramorum
JHallCr,13904-9180,JHallCr_OR,Kamvar_et_al_2014,Phytophthora ramorum
Coast,13905-9181,Coast_OR,Kamvar_et_al_2014,Phytophthora ramorum
Coast,13906-9163,Coast_OR,Kamvar_et_al_2014,Phytophthora ramorum
Coast,13908-9164,Coast_OR,Kamvar_et_al_2014,Phytophthora ramorum
JHallCr,13909-9158,JHallCr_OR,Kamvar_et_al_2014,Phytophthora ramorum
NFChetHigh,13916,NFChetHigh_OR,Kamvar_et_al_2014,Phytophthora ramorum
NFChetHigh,13917-9182,NFChetHigh_OR,Kamvar_et_al_2014,Phytophthora ramorum
NFChetHigh,13918-9203,NFChetHigh_OR,Kamvar_et_al_2014,Phytophthora ramorum
NFChetHigh,13919-9183,NFChetHigh_OR,Kamvar_et_al_2014,Phytophthora ramorum
NFChetHigh,13920-9159,NFChetHigh_OR,Kamvar_et_al_2014,Phytophthora ramorum
Winchuck,13927-9185,Winchuck_OR,Kamvar_et_al_2014,Phytophthora ramorum
Winchuck,13928-9186,Winchuck_OR,Kamvar_et_al_2014,Phytophthora ramorum
Winchuck,13929-9187,Winchuck_OR,Kamvar_et_al_2014,Phytophthora ramorum
Winchuck,13930-A-9188,Winchuck_OR,Kamvar_et_al_2014,Phytophthora ramorum
Winchuck,13930-B,Winchuck_OR,Kamvar_et_al_2014,Phytophthora ramorum
NFChetHigh,13932-9189,NFChetHigh_OR,Kamvar_et_al_2014,Phytophthora ramorum
NFChetHigh,13933-9190,NFChetHigh_OR,Kamvar_et_al_2014,Phytophthora ramorum
PistolRSF,13934,PistolRSF_OR,Kamvar_et_al_2014,Phytophthora ramorum
NFChetHigh,13942-9194,NFChetHigh_OR,Kamvar_et_al_2014,Phytophthora ramorum
NFChetHigh,13945,NFChetHigh_OR,Kamvar_et_al_2014,Phytophthora ramorum
Winchuck,13951-9195,Winchuck_OR,Kamvar_et_al_2014,Phytophthora ramorum
Winchuck,13952-9196,Winchuck_OR,Kamvar_et_al_2014,Phytophthora ramorum
Winchuck,13954-9197,Winchuck_OR,Kamvar_et_al_2014,Phytophthora ramorum
Winchuck,13955-9198,Winchuck_OR,Kamvar_et_al_2014,Phytophthora ramorum
Winchuck,13957-9199,Winchuck_OR,Kamvar_et_al_2014,Phytophthora ramorum
Winchuck,13958-9200,Winchuck_OR,Kamvar_et_al_2014,Phytophthora ramorum
PistolRSF,13959-9206,PistolRSF_OR,Kamvar_et_al_2014,Phytophthora ramorum
PistolRSF,13960-9207,PistolRSF_OR,Kamvar_et_al_2014,Phytophthora ramorum
NFChetHigh,14001-9208,NFChetHigh_OR,Kamvar_et_al_2014,Phytophthora ramorum
NFChetHigh,14002,NFChetHigh_OR,Kamvar_et_al_2014,Phytophthora ramorum
NFChetHigh,14003-9209,NFChetHigh_OR,Kamvar_et_al_2014,Phytophthora ramorum
NFChetHigh,14004,NFChetHigh_OR,Kamvar_et_al_2014,Phytophthora ramorum
NFChetHigh,14005,NFChetHigh_OR,Kamvar_et_al_2014,Phytophthora ramorum
NFChetHigh,14006-9210,NFChetHigh_OR,Kamvar_et_al_2014,Phytophthora ramorum
NFChetHigh,14007-9211,NFChetHigh_OR,Kamvar_et_al_2014,Phytophthora ramorum
NFChetHigh,14008-9212,NFChetHigh_OR,Kamvar_et_al_2014,Phytophthora ramorum
Winchuck,14023,Winchuck_OR,Kamvar_et_al_2014,Phytophthora ramorum
Winchuck,14024,Winchuck_OR,Kamvar_et_al_2014,Phytophthora ramorum
Winchuck,14028,Winchuck_OR,Kamvar_et_al_2014,Phytophthora ramorum
NFChetHigh,14033,NFChetHigh_OR,Kamvar_et_al_2014,Phytophthora ramorum
NFChetHigh,14035,NFChetHigh_OR,Kamvar_et_al_2014,Phytophthora ramorum
NFChetHigh,14036,NFChetHigh_OR,Kamvar_et_al_2014,Phytophthora ramorum
NFChetHigh,14056,NFChetHigh_OR,Kamvar_et_al_2014,Phytophthora ramorum
JHallCr,13872-9150,JHallCr_OR,Kamvar_et_al_2014,Phytophthora ramorum
NFChetHigh,13893,NFChetHigh_OR,Kamvar_et_al_2014,Phytophthora ramorum
NFChetHigh,13931-9204,NFChetHigh_OR,Kamvar_et_al_2014,Phytophthora ramorum
JHallCr,13600,JHallCr_OR,Kamvar_et_al_2014,Phytophthora ramorum
Coast,13632,Coast_OR,Kamvar_et_al_2014,Phytophthora ramorum
ChetcoMain,13635,ChetcoMain_OR,Kamvar_et_al_2014,Phytophthora ramorum
NFChetHigh,13655,NFChetHigh_OR,Kamvar_et_al_2014,Phytophthora ramorum
NFChetHigh,13661,NFChetHigh_OR,Kamvar_et_al_2014,Phytophthora ramorum
NFChetHigh,13662,NFChetHigh_OR,Kamvar_et_al_2014,Phytophthora ramorum
NFChetHigh,13663,NFChetHigh_OR,Kamvar_et_al_2014,Phytophthora ramorum
NFChetHigh,13690,NFChetHigh_OR,Kamvar_et_al_2014,Phytophthora ramorum
NFChetHigh,13692,NFChetHigh_OR,Kamvar_et_al_2014,Phytophthora ramorum
NFChetHigh,13694,NFChetHigh_OR,Kamvar_et_al_2014,Phytophthora ramorum
NFChetHigh,13695,NFChetHigh_OR,Kamvar_et_al_2014,Phytophthora ramorum
NFChetHigh,13698,NFChetHigh_OR,Kamvar_et_al_2014,Phytophthora ramorum
NFChetHigh,13699,NFChetHigh_OR,Kamvar_et_al_2014,Phytophthora ramorum
NFChetHigh,13711,NFChetHigh_OR,Kamvar_et_al_2014,Phytophthora ramorum
NFChetHigh,13716,NFChetHigh_OR,Kamvar_et_al_2014,Phytophthora ramorum
NFChetHigh,13735,NFChetHigh_OR,Kamvar_et_al_2014,Phytophthora ramorum
NFChetHigh,13737,NFChetHigh_OR,Kamvar_et_al_2014,Phytophthora ramorum
NFChetHigh,13738,NFChetHigh_OR,Kamvar_et_al_2014,Phytophthora ramorum
NFChetHigh,13739,NFChetHigh_OR,Kamvar_et_al_2014,Phytophthora ramorum
NFChetHigh,13744,NFChetHigh_OR,Kamvar_et_al_2014,Phytophthora ramorum
ChetcoMain,13747,ChetcoMain_OR,Kamvar_et_al_2014,Phytophthora ramorum
ChetcoMain,13748,ChetcoMain_OR,Kamvar_et_al_2014,Phytophthora ramorum
ChetcoMain,13749,ChetcoMain_OR,Kamvar_et_al_2014,Phytophthora ramorum
ChetcoMain,13751,ChetcoMain_OR,Kamvar_et_al_2014,Phytophthora ramorum
ChetcoMain,13753,ChetcoMain_OR,Kamvar_et_al_2014,Phytophthora ramorum
Coast,H-2-040113,Coast_OR,Kamvar_et_al_2014,Phytophthora ramorum
NFChetHigh,13801,NFChetHigh_OR,Kamvar_et_al_2014,Phytophthora ramorum
NFChetHigh,13802,NFChetHigh_OR,Kamvar_et_al_2014,Phytophthora ramorum
NFChetHigh,13805,NFChetHigh_OR,Kamvar_et_al_2014,Phytophthora ramorum
ChetcoMain,13824,ChetcoMain_OR,Kamvar_et_al_2014,Phytophthora ramorum
JHallCr,13825,JHallCr_OR,Kamvar_et_al_2014,Phytophthora ramorum
JHallCr,13826,JHallCr_OR,Kamvar_et_al_2014,Phytophthora ramorum
JHallCr,13827,JHallCr_OR,Kamvar_et_al_2014,Phytophthora ramorum
ChetcoMain,13828,ChetcoMain_OR,Kamvar_et_al_2014,Phytophthora ramorum
JHallCr,13830,JHallCr_OR,Kamvar_et_al_2014,Phytophthora ramorum
Coast,13831,Coast_OR,Kamvar_et_al_2014,Phytophthora ramorum
ChetcoMain,13832,ChetcoMain_OR,Kamvar_et_al_2014,Phytophthora ramorum
ChetcoMain,13837,ChetcoMain_OR,Kamvar_et_al_2014,Phytophthora ramorum
ChetcoMain,13838,ChetcoMain_OR,Kamvar_et_al_2014,Phytophthora ramorum
ChetcoMain,13839,ChetcoMain_OR,Kamvar_et_al_2014,Phytophthora ramorum
ChetcoMain,13840,ChetcoMain_OR,Kamvar_et_al_2014,Phytophthora ramorum
ChetcoMain,13841,ChetcoMain_OR,Kamvar_et_al_2014,Phytophthora ramorum
Coast,13842,Coast_OR,Kamvar_et_al_2014,Phytophthora ramorum
JHallCr,2157-3,JHallCr_OR,Kamvar_et_al_2014,Phytophthora ramorum
NFChetHigh,11001-8874,NFChetHigh_OR,Kamvar_et_al_2014,Phytophthora ramorum
JHallCr,2027-1,JHallCr_OR,Kamvar_et_al_2014,Phytophthora ramorum
JHallCr,2138-1,JHallCr_OR,Kamvar_et_al_2014,Phytophthora ramorum
JHallCr,13873,JHallCr_OR,Kamvar_et_al_2014,Phytophthora ramorum
NFChetHigh,14040,NFChetHigh_OR,Kamvar_et_al_2014,Phytophthora ramorum
NFChetHigh,14041,NFChetHigh_OR,Kamvar_et_al_2014,Phytophthora ramorum
NFChetHigh,14042,NFChetHigh_OR,Kamvar_et_al_2014,Phytophthora ramorum
NFChetHigh,14043,NFChetHigh_OR,Kamvar_et_al_2014,Phytophthora ramorum
NFChetHigh,14044,NFChetHigh_OR,Kamvar_et_al_2014,Phytophthora ramorum
NFChetHigh,14046,NFChetHigh_OR,Kamvar_et_al_2014,Phytophthora ramorum
Coast,14047,Coast_OR,Kamvar_et_al_2014,Phytophthora ramorum
NFChetHigh,14049,NFChetHigh_OR,Kamvar_et_al_2014,Phytophthora ramorum
Coast,14077,Coast_OR,Kamvar_et_al_2014,Phytophthora ramorum
Coast,14078,Coast_OR,Kamvar_et_al_2014,Phytophthora ramorum
Coast,14079,Coast_OR,Kamvar_et_al_2014,Phytophthora ramorum
Coast,14080,Coast_OR,Kamvar_et_al_2014,Phytophthora ramorum
Coast,14081,Coast_OR,Kamvar_et_al_2014,Phytophthora ramorum
Coast,14082,Coast_OR,Kamvar_et_al_2014,Phytophthora ramorum
Coast,14083,Coast_OR,Kamvar_et_al_2014,Phytophthora ramorum
NFChetHigh,14085,NFChetHigh_OR,Kamvar_et_al_2014,Phytophthora ramorum
NFChetHigh,14092,NFChetHigh_OR,Kamvar_et_al_2014,Phytophthora ramorum
NFChetHigh,14093,NFChetHigh_OR,Kamvar_et_al_2014,Phytophthora ramorum
NFChetHigh,14107,NFChetHigh_OR,Kamvar_et_al_2014,Phytophthora ramorum
NFChetHigh,14108,NFChetHigh_OR,Kamvar_et_al_2014,Phytophthora ramorum
NFChetHigh,14112,NFChetHigh_OR,Kamvar_et_al_2014,Phytophthora ramorum
NFChetHigh,14113,NFChetHigh_OR,Kamvar_et_al_2014,Phytophthora ramorum
NFChetHigh,14114,NFChetHigh_OR,Kamvar_et_al_2014,Phytophthora ramorum
NFChetHigh,14115,NFChetHigh_OR,Kamvar_et_al_2014,Phytophthora ramorum
NFChetHigh,14116,NFChetHigh_OR,Kamvar_et_al_2014,Phytophthora ramorum
NFChetHigh,14119,NFChetHigh_OR,Kamvar_et_al_2014,Phytophthora ramorum
NFChetHigh,14120,NFChetHigh_OR,Kamvar_et_al_2014,Phytophthora ramorum
NFChetHigh,14121,NFChetHigh_OR,Kamvar_et_al_2014,Phytophthora ramorum
NFChetHigh,14122,NFChetHigh_OR,Kamvar_et_al_2014,Phytophthora ramorum
NFChetHigh,14123,NFChetHigh_OR,Kamvar_et_al_2014,Phytophthora ramorum
NFChetHigh,14131,NFChetHigh_OR,Kamvar_et_al_2014,Phytophthora ramorum
NFChetHigh,14132,NFChetHigh_OR,Kamvar_et_al_2014,Phytophthora ramorum
NFChetHigh,14045-a,NFChetHigh_OR,Kamvar_et_al_2014,Phytophthora ramorum
NFChetHigh,14045-b,NFChetHigh_OR,Kamvar_et_al_2014,Phytophthora ramorum
Coast,13971,Coast_OR,Kamvar_et_al_2014,Phytophthora ramorum
NFChetHigh,13977,NFChetHigh_OR,Kamvar_et_al_2014,Phytophthora ramorum
Coast,14129,Coast_OR,Kamvar_et_al_2014,Phytophthora ramorum
Coast,14135,Coast_OR,Kamvar_et_al_2014,Phytophthora ramorum
Coast,14136,Coast_OR,Kamvar_et_al_2014,Phytophthora ramorum
Coast,14137.1,Coast_OR,Kamvar_et_al_2014,Phytophthora ramorum
NFChetHigh,14138,NFChetHigh_OR,Kamvar_et_al_2014,Phytophthora ramorum
Coast,14139,Coast_OR,Kamvar_et_al_2014,Phytophthora ramorum
NFChetHigh,14141,NFChetHigh_OR,Kamvar_et_al_2014,Phytophthora ramorum
NFChetHigh,14142,NFChetHigh_OR,Kamvar_et_al_2014,Phytophthora ramorum
ChetcoMain,14145,ChetcoMain_OR,Kamvar_et_al_2014,Phytophthora ramorum
NFChetHigh,14149,NFChetHigh_OR,Kamvar_et_al_2014,Phytophthora ramorum
Coast,14151,Coast_OR,Kamvar_et_al_2014,Phytophthora ramorum
Coast,14152,Coast_OR,Kamvar_et_al_2014,Phytophthora ramorum
Coast,14153,Coast_OR,Kamvar_et_al_2014,Phytophthora ramorum
NFChetHigh,14156,NFChetHigh_OR,Kamvar_et_al_2014,Phytophthora ramorum
NFChetHigh,14159,NFChetHigh_OR,Kamvar_et_al_2014,Phytophthora ramorum
Coast,14160,Coast_OR,Kamvar_et_al_2014,Phytophthora ramorum
JHallCr,14161,JHallCr_OR,Kamvar_et_al_2014,Phytophthora ramorum
Coast,14162,Coast_OR,Kamvar_et_al_2014,Phytophthora ramorum
Coast,14164,Coast_OR,Kamvar_et_al_2014,Phytophthora ramorum
NFChetHigh,14165,NFChetHigh_OR,Kamvar_et_al_2014,Phytophthora ramorum
NFChetHigh,14167,NFChetHigh_OR,Kamvar_et_al_2014,Phytophthora ramorum
NFChetHigh,14168,NFChetHigh_OR,Kamvar_et_al_2014,Phytophthora ramorum
NFChetHigh,14169,NFChetHigh_OR,Kamvar_et_al_2014,Phytophthora ramorum
NFChetHigh,14171,NFChetHigh_OR,Kamvar_et_al_2014,Phytophthora ramorum
NFChetHigh,14172,NFChetHigh_OR,Kamvar_et_al_2014,Phytophthora ramorum
JHallCr,14174,JHallCr_OR,Kamvar_et_al_2014,Phytophthora ramorum
NFChetHigh,14175,NFChetHigh_OR,Kamvar_et_al_2014,Phytophthora ramorum
NFChetHigh,WA84-121613,NFChetHigh_OR,Kamvar_et_al_2014,Phytophthora ramorum